Sr.#,Sheet,Assignment_1,Assignment_2,Assignment_3,Assignment_4,Assignment_5,Assignment_6,Quiz_1,Quiz_2,Quiz_3,Quiz_4,Quiz_5,Quiz_6,Quiz_7,Quiz_8,Midterm_1,Midterm_2,Midterm_3,Midterm_4,Midterm_5,Midterm_6,Midterm_7,Midterm_8,Final_1,Final_2,Final_3,Final_4,Final_5,Final_6,Student_ID,Assignment_Mean,Assignment_Max,Assignment_Min,Assignment_Std,Assignment_Sum,Quiz_Mean,Quiz_Max,Quiz_Min,Quiz_Std,Quiz_Sum,Overall_Mean,Overall_Std,Assignment_CV,Quiz_CV
,1,3.0,3.0,3.0,3.0,3.0,3.0,2.0,2.0,2.0,2.0,2.0,2.0,2.0,2.0,15.0,15.0,15.0,15.0,0.0,0.0,0.0,0.0,45.0,45.0,0.0,0.0,0.0,0.0,1,3.0,3.0,3.0,0.0,18.0,2.0,2.0,2.0,0.0,16.0,2.4285714285714284,0.5135525910130956,0.0,0.0
,1,130.0,70.0,90.0,50.0,120.0,90.0,5.0,15.0,10.0,10.0,10.0,5.0,12.0,2.0,40.0,0.0,40.0,0.0,0.0,0.0,0.0,0.0,100.0,0.0,0.0,0.0,0.0,0.0,2,91.66666666666667,130.0,50.0,29.944392908634274,550.0,8.625,15.0,2.0,4.274091382136927,69.0,44.214285714285715,46.61986795253809,0.32663047204269646,0.49497294523878715
,1,0.0,0.0,0.0,0.0,0.0,0.0,0.0,0.0,0.0,0.0,0.0,0.0,0.0,0.0,0.0,0.0,0.0,0.0,0.0,0.0,0.0,0.0,0.0,0.0,0.0,0.0,0.0,0.0,3,0.0,0.0,0.0,0.0,0.0,0.0,0.0,0.0,0.0,0.0,0.0,0.0,0.0,0.0
,1,80.5,60.5,73.5,40.5,59.0,70.5,3.5,5.0,2.0,8.0,0.0,2.5,9.0,2.0,17.5,6.56,6.25,2.34,0.0,0.0,0.0,0.0,35.75,16.08,0.0,0.0,0.0,0.0,4,64.08333333333333,80.5,40.5,14.101122886730215,384.5,4.0,9.0,0.0,3.12821263435117,32.0,29.75,32.15332857514971,0.22000919835755484,0.7801029013344564
,1,72.5,68.0,39.0,35.0,80.5,71.0,2.5,7.0,0.0,10.0,7.0,5.0,10.0,2.0,12.5,4.68,11.0,4.12,0.0,0.0,0.0,0.0,53.5,24.07,0.0,0.0,0.0,0.0,5,61.0,80.5,35.0,19.086644545335883,366.0,5.4375,10.0,0.0,3.7171177390169237,43.5,29.25,31.01224944090021,0.31284452623071435,0.68235295805726
,1,113.0,62.0,0.0,47.0,80.0,80.0,3.5,2.5,1.0,1.0,2.0,1.0,12.0,2.0,9.5,3.56,6.5,2.43,0.0,0.0,0.0,0.0,32.5,14.62,0.0,0.0,0.0,0.0,6,63.666666666666664,113.0,0.0,38.21343568257984,382.0,3.125,12.0,1.0,3.69120576505835,25.0,29.071428571428573,39.18734938278362,0.6001167724846335,1.1774181068766667
,1,61.0,43.5,0.0,22.0,0.0,50.0,1.5,5.0,0.5,0.0,0.0,1.0,3.0,0.0,18.5,6.93,9.0,3.37,0.0,0.0,0.0,0.0,28.0,12.6,0.0,0.0,0.0,0.0,7,29.416666666666668,61.0,0.0,26.09677502425667,176.5,1.375,5.0,0.0,1.787855858683404,11.0,13.392857142857142,21.70357872956277,0.8868410180422519,1.2908706560891003
,1,104.0,67.0,72.5,45.0,120.0,90.0,5.0,10.5,10.0,10.0,6.5,5.0,9.0,2.0,28.5,10.68,17.5,6.56,0.0,0.0,0.0,0.0,74.75,33.63,0.0,0.0,0.0,0.0,8,83.08333333333333,120.0,45.0,27.089512115700177,498.5,7.25,10.5,2.0,3.093772546815388,58.0,39.75,42.47431350466194,0.32601306300987054,0.4261394692583179
,1,0.0,52.0,61.0,20.5,55.0,58.0,4.5,5.5,1.5,0.0,8.0,4.0,3.0,2.0,10.5,3.93,4.0,1.5,0.0,0.0,0.0,0.0,39.5,17.77,0.0,0.0,0.0,0.0,9,41.083333333333336,61.0,0.0,24.928731750064355,246.5,3.5625,8.0,0.0,2.513357174321685,28.5,19.642857142857142,24.77314657464391,0.6066368855466666,0.7035289501250344
,1,118.0,62.0,85.5,39.5,109.0,90.0,5.0,8.5,9.5,10.0,7.0,4.5,10.0,2.0,22.75,8.53,13.75,5.15,0.0,0.0,0.0,0.0,70.5,31.72,0.0,0.0,0.0,0.0,10,84.0,118.0,39.5,29.26943798572156,504.0,7.0625,10.0,2.0,2.969337347913552,56.5,40.035714285714285,43.53622023703336,0.3484042136141121,0.4198426790970028
,1,0.0,47.0,44.0,23.0,51.0,0.0,2.0,6.0,0.5,0.0,1.0,0.0,3.0,0.0,6.5,2.43,5.0,1.87,0.0,0.0,0.0,0.0,13.25,5.96,0.0,0.0,0.0,0.0,11,27.5,51.0,0.0,23.39871791359518,165.0,1.5625,6.0,0.0,2.0948491251502714,12.5,12.678571428571429,19.757770762272386,0.8505531775207262,1.332177504070125
,1,105.0,65.0,67.5,47.0,93.0,87.0,3.5,8.5,0.0,1.0,1.0,2.0,9.0,2.0,14.0,5.25,24.26,9.09,0.0,0.0,0.0,0.0,58.25,26.21,0.0,0.0,0.0,0.0,12,77.41666666666667,105.0,47.0,21.32232789042197,464.5,3.375,9.0,0.0,3.471825374147068,27.0,35.107142857142854,40.33855693780054,0.2753873931086013,1.0256500366756478
,1,113.0,59.0,51.5,33.0,66.0,49.0,4.5,2.0,0.5,0.0,0.0,1.5,2.0,2.0,9.0,3.37,4.75,1.78,0.0,0.0,0.0,0.0,27.75,12.48,0.0,0.0,0.0,0.0,13,61.916666666666664,113.0,33.0,27.372279164634183,371.5,1.5625,4.5,0.0,1.474485382381644,12.5,27.428571428571427,35.35580528050474,0.4420111825487273,0.9376695595431758
,1,0.0,65.5,60.5,28.0,62.0,73.0,2.5,6.5,9.0,10.0,10.0,3.5,8.0,2.0,14.75,5.53,17.5,6.56,0.0,0.0,0.0,0.0,60.5,27.22,0.0,0.0,0.0,0.0,14,48.166666666666664,73.0,0.0,28.239452308192284,289.0,6.4375,10.0,2.0,3.342769382242386,51.5,24.321428571428573,27.784616069146793,0.5861645120360953,0.5184597723524446
,1,105.0,60.0,39.5,50.0,80.0,89.0,0.0,2.0,5.5,1.0,1.0,1.5,7.0,2.0,15.5,5.81,6.25,2.34,0.0,0.0,0.0,0.0,40.0,18.0,0.0,0.0,0.0,0.0,15,70.58333333333333,105.0,39.5,24.95679600162382,423.5,2.5,7.0,0.0,2.434865792722759,20.0,31.678571428571427,38.2786379182844,0.3535290773674165,0.9700660528775933
,1,92.0,51.0,0.0,35.0,85.0,72.0,2.5,5.5,1.5,1.0,1.0,2.0,1.0,2.0,18.5,6.93,16.25,6.09,0.0,0.0,0.0,0.0,47.5,21.37,0.0,0.0,0.0,0.0,16,55.833333333333336,92.0,0.0,34.626098057197645,335.0,2.0625,5.5,1.0,1.498511165886232,16.5,25.107142857142858,34.998449730187815,0.6200578652873691,0.7230451946375065
,1,122.0,54.5,79.0,35.0,90.0,0.0,3.5,5.5,0.0,1.0,1.0,4.5,4.0,2.0,14.0,5.25,5.75,2.15,0.0,0.0,0.0,0.0,45.75,20.58,0.0,0.0,0.0,0.0,17,63.416666666666664,122.0,0.0,43.10500744306474,380.5,2.6875,5.5,0.0,1.9628241315585488,21.5,28.714285714285715,41.101990540284376,0.6796038592032491,0.7276456465462647
,1,109.0,0.0,75.5,33.0,100.0,88.0,3.0,4.5,6.0,0.0,1.0,3.5,2.0,2.0,15.0,5.62,5.0,1.87,0.0,0.0,0.0,0.0,47.25,21.26,0.0,0.0,0.0,0.0,18,67.58333333333333,109.0,0.0,42.44810557217679,405.5,2.75,6.0,0.0,1.927248223318863,22.0,30.535714285714285,42.46875063172663,0.6279924879994594,0.6982783417821968
,1,0.0,62.0,79.0,50.0,88.0,90.0,4.0,7.0,0.0,10.0,3.0,4.0,4.0,2.0,15.5,5.81,14.0,5.25,0.0,0.0,0.0,0.0,61.25,27.56,0.0,0.0,0.0,0.0,19,61.5,90.0,0.0,33.86886475806356,369.0,4.25,10.0,0.0,3.058944729337694,34.0,28.785714285714285,36.202801785812895,0.5506237157870844,0.7180621430370174
,1,0.0,63.5,85.0,50.0,96.0,33.0,5.0,4.0,4.0,10.0,3.0,4.0,4.0,2.0,21.5,8.06,29.5,11.06,0.0,0.0,0.0,0.0,49.25,22.16,0.0,0.0,0.0,0.0,20,54.583333333333336,96.0,0.0,35.17444621691529,327.5,4.5,10.0,2.0,2.390457218668787,36.0,25.964285714285715,33.77098452228474,0.644299295706105,0.5300348600152521
,1,104.0,0.0,0.0,49.5,94.0,80.0,4.5,3.0,9.5,1.0,0.0,5.0,6.0,2.0,19.0,7.12,18.5,6.93,0.0,0.0,0.0,0.0,65.25,29.36,0.0,0.0,0.0,0.0,21,54.583333333333336,104.0,0.0,46.10034345497511,327.5,3.875,9.5,0.0,3.0560244950402007,31.0,25.607142857142858,38.73736944100349,0.8444317399250539,0.7866214916448393
,1,103.0,0.0,80.0,50.0,110.0,90.0,4.0,9.0,10.0,10.0,2.0,5.0,0.0,2.0,29.5,11.06,19.25,7.21,0.0,0.0,0.0,0.0,63.75,28.68,0.0,0.0,0.0,0.0,22,72.16666666666667,110.0,0.0,41.13595345517916,433.0,5.25,10.0,0.0,3.955105199973465,42.0,33.92857142857143,42.89784697074289,0.5699342371289774,0.751921140679366
,1,73.5,53.5,65.0,37.0,90.0,53.0,1.5,2.0,0.5,0.0,1.0,3.5,2.0,2.0,14.5,5.43,11.0,4.12,0.0,0.0,0.0,0.0,44.5,20.02,0.0,0.0,0.0,0.0,23,62.0,90.0,37.0,18.45806056984319,372.0,1.5625,3.5,0.0,1.0835622468770048,12.5,27.464285714285715,33.09105403493302,0.2976626442483985,0.689069791336728
,1,108.0,44.5,50.0,43.5,80.0,54.0,5.0,0.0,4.0,1.0,1.5,4.0,9.0,2.0,21.5,8.06,17.0,6.37,0.0,0.0,0.0,0.0,45.5,20.47,0.0,0.0,0.0,0.0,24,63.333333333333336,108.0,43.5,25.63526217277028,380.0,3.3125,9.0,0.0,2.8652785952802966,26.5,29.035714285714285,34.74603701016978,0.40470339692843676,0.862386334170142
,1,107.0,56.0,82.5,47.0,40.0,65.0,5.0,9.0,9.5,10.0,10.0,4.5,10.0,2.0,29.25,10.96,21.75,8.15,0.0,0.0,0.0,0.0,64.0,28.8,0.0,0.0,0.0,0.0,25,66.25,107.0,40.0,24.863125306364843,397.5,7.5,10.0,2.0,3.173551413074723,60.0,32.67857142857143,33.9629929498254,0.375235818085796,0.42257675273964357
,1,119.0,42.0,72.0,46.0,108.0,80.0,4.5,8.0,1.5,0.5,3.0,3.5,8.0,2.0,19.0,7.12,18.5,6.93,0.0,0.0,0.0,0.0,66.5,29.92,0.0,0.0,0.0,0.0,26,77.83333333333333,119.0,42.0,31.43511836571745,467.0,3.875,8.0,0.5,2.8252686345094435,31.0,35.57142857142857,42.742906358319196,0.40382544040231383,0.7272248737476046
,1,75.0,0.0,0.0,15.0,87.0,0.0,2.5,6.0,1.0,0.0,2.0,0.0,0.0,0.0,12.5,4.68,2.0,0.75,0.0,0.0,0.0,0.0,14.0,6.3,0.0,0.0,0.0,0.0,27,29.5,87.0,0.0,40.4907396820557,177.0,1.4375,6.0,0.0,2.0948491251502714,11.5,13.464285714285714,28.993675892481143,1.372102327416323,1.4472187393093412
,1,103.0,52.0,60.0,21.0,65.5,79.0,4.5,9.0,1.0,0.0,3.0,3.5,9.0,2.0,19.5,7.31,14.75,5.53,0.0,0.0,0.0,0.0,58.75,26.43,0.0,0.0,0.0,0.0,28,63.416666666666664,103.0,21.0,27.405139420675578,380.5,4.0,9.0,0.0,3.391164991562634,32.0,29.464285714285715,35.01618542557487,0.43207598413930387,0.8456770552525272
,1,56.5,0.0,61.0,25.5,59.0,71.0,3.5,3.0,2.0,0.0,2.0,3.5,4.0,2.0,12.0,4.5,13.25,4.96,0.0,0.0,0.0,0.0,35.75,16.08,0.0,0.0,0.0,0.0,29,45.5,71.0,0.0,27.07027890510181,273.0,2.5,4.0,0.0,1.2817398889233114,20.0,20.928571428571427,27.755704294417047,0.594820454957192,0.5106533422005225
,1,110.0,53.5,70.5,30.0,61.0,73.0,3.5,8.5,1.0,10.0,5.0,2.5,5.0,2.0,13.5,5.06,6.5,2.43,0.0,0.0,0.0,0.0,43.5,19.57,0.0,0.0,0.0,0.0,30,66.33333333333333,110.0,30.0,26.388760233604508,398.0,4.6875,10.0,1.0,3.161571715822008,37.5,31.107142857142858,35.71370054465662,0.39776054213341466,0.6730328293394375
,1,89.0,40.0,32.5,33.5,54.0,49.0,3.0,3.5,0.0,0.0,3.0,2.0,3.0,2.0,11.5,4.31,4.25,1.59,0.0,0.0,0.0,0.0,43.5,19.57,0.0,0.0,0.0,0.0,31,49.666666666666664,89.0,32.5,21.05152409367708,298.0,2.0625,3.5,0.0,1.3741880719693564,16.5,22.464285714285715,27.733251554014394,0.42377086681226095,0.6630581770660345
,1,92.0,70.0,82.0,42.5,0.0,84.5,4.0,7.0,3.0,0.0,8.0,4.0,3.0,2.0,11.75,4.4,11.5,4.31,0.0,0.0,0.0,0.0,40.0,18.0,0.0,0.0,0.0,0.0,32,61.833333333333336,92.0,0.0,34.91227100414218,371.0,3.875,8.0,0.0,2.5877458475338284,31.0,28.714285714285715,36.85559882616432,0.5645276398017923,0.6660864472416547
,1,101.0,49.5,0.0,47.5,88.0,46.0,3.0,8.5,0.5,0.0,1.0,2.0,2.0,2.0,17.5,6.56,7.75,2.9,0.0,0.0,0.0,0.0,24.25,10.91,0.0,0.0,0.0,0.0,33,55.333333333333336,101.0,0.0,35.768235442451825,332.0,2.375,8.5,0.0,2.655856063225458,19.0,25.071428571428573,35.15014889062303,0.6462970928588536,1.113566483532687
,1,62.0,0.0,57.0,30.0,87.0,67.0,0.0,10.0,0.0,1.0,3.0,0.0,6.0,2.0,9.0,3.37,4.25,1.59,0.0,0.0,0.0,0.0,27.75,12.48,0.0,0.0,0.0,0.0,34,50.5,87.0,0.0,30.82044775794148,303.0,2.75,10.0,0.0,3.575711717366808,22.0,23.214285714285715,31.202018108864916,0.6101850674706292,1.2955477236836261
,1,84.0,51.0,44.5,28.0,80.0,48.0,2.0,7.0,1.0,0.0,9.0,3.0,7.0,2.0,14.0,5.25,4.0,1.5,0.0,0.0,0.0,0.0,36.25,16.31,0.0,0.0,0.0,0.0,35,55.916666666666664,84.0,28.0,21.749521067523915,335.5,3.875,9.0,0.0,3.313931631332013,31.0,26.178571428571427,30.035624452701764,0.38889357016671683,0.8530068549117151
,1,125.0,60.0,84.0,40.5,110.0,86.0,4.5,6.0,0.0,0.0,3.0,2.5,2.0,2.0,21.5,8.06,11.5,4.31,0.0,0.0,0.0,0.0,50.75,22.83,0.0,0.0,0.0,0.0,36,84.25,125.0,40.5,31.076920696877288,505.5,2.5,6.0,0.0,2.052872551885702,20.0,37.535714285714285,46.219985806056755,0.3688217504970008,0.8178775107114351
,1,97.0,0.0,50.0,41.0,72.0,0.0,0.0,4.5,0.0,0.0,3.0,0.0,0.0,2.0,11.75,4.4,3.75,1.4,0.0,0.0,0.0,0.0,14.5,6.52,0.0,0.0,0.0,0.0,37,43.333333333333336,97.0,0.0,38.74876342112954,260.0,1.1875,4.5,0.0,1.771550975033701,9.5,19.25,32.36733277193582,0.8939959260431333,1.4793745094227149
,2,3.0,3.0,3.0,3.0,3.0,3.0,2.0,2.0,2.0,2.0,2.0,2.0,2.0,2.0,15.0,15.0,15.0,15.0,0.0,0.0,0.0,0.0,45.0,45.0,0.0,0.0,0.0,0.0,38,3.0,3.0,3.0,0.0,18.0,2.0,2.0,2.0,0.0,16.0,2.4285714285714284,0.5135525910130956,0.0,0.0
,2,130.0,70.0,100.0,50.0,120.0,80.0,5.0,15.0,10.0,10.0,10.0,5.0,12.0,2.0,40.0,0.0,40.0,0.0,0.0,0.0,0.0,0.0,100.0,0.0,0.0,0.0,0.0,0.0,39,91.66666666666667,130.0,50.0,30.605010483034746,550.0,8.625,15.0,2.0,4.274091382136927,69.0,44.214285714285715,46.78457762229668,0.3338364231142211,0.49497294523878715
,2,0.0,0.0,0.0,0.0,0.0,0.0,0.0,0.0,0.0,0.0,0.0,0.0,0.0,0.0,0.0,0.0,0.0,0.0,0.0,0.0,0.0,0.0,0.0,0.0,0.0,0.0,0.0,0.0,40,0.0,0.0,0.0,0.0,0.0,0.0,0.0,0.0,0.0,0.0,0.0,0.0,0.0,0.0
,2,109.0,57.0,79.0,47.0,115.0,68.0,2.0,5.0,1.0,10.0,2.0,0.0,7.0,2.0,28.5,10.68,23.0,8.62,0.0,0.0,0.0,0.0,59.25,26.66,0.0,0.0,0.0,0.0,41,79.16666666666667,115.0,47.0,27.658030780709364,475.0,3.625,10.0,0.0,3.420004177106889,29.0,36.0,42.4916281347098,0.34932047464374216,0.9408539689427481
,2,100.0,57.0,81.0,42.0,117.0,71.0,5.0,6.0,10.0,10.0,2.0,5.0,12.0,2.0,22.0,8.25,28.0,10.5,0.0,0.0,0.0,0.0,70.75,31.83,0.0,0.0,0.0,0.0,42,78.0,117.0,42.0,27.568097504180443,468.0,6.5,12.0,2.0,3.779644730092272,52.0,37.142857142857146,40.59908514099443,0.3533918408432309,0.5805905883398268
,2,71.0,68.0,92.0,47.0,87.0,55.0,3.0,4.0,1.0,2.0,0.0,0.0,7.0,2.0,15.0,5.62,12.5,4.68,0.0,0.0,0.0,0.0,50.75,22.83,0.0,0.0,0.0,0.0,43,70.0,92.0,47.0,17.504285189632853,420.0,2.375,7.0,0.0,2.326094212561969,19.0,31.357142857142858,36.42612575285268,0.250025499066317,0.9753015566297564
,2,95.0,0.0,67.4,33.0,78.0,42.0,2.0,4.0,0.0,1.0,0.0,1.5,8.0,2.0,12.5,4.68,5.75,2.15,0.0,0.0,0.0,0.0,34.75,15.63,0.0,0.0,0.0,0.0,44,52.56666666666666,95.0,0.0,34.424506774486495,315.4,2.3125,8.0,0.0,2.631369822517759,18.5,23.849999999999998,33.54961308959521,0.654748749910984,1.1329902357449986
,2,0.0,60.0,98.0,46.0,114.0,73.0,2.0,8.0,2.0,10.0,10.0,2.0,5.0,2.0,14.0,5.25,24.0,9.0,0.0,0.0,0.0,0.0,55.75,25.08,0.0,0.0,0.0,0.0,45,65.16666666666667,114.0,0.0,40.409982265112006,391.0,5.125,10.0,2.0,3.6815175442433286,41.0,30.857142857142858,39.82627107992749,0.6200068879217306,0.7169459677202198
,2,60.0,0.0,38.0,24.0,50.0,48.0,1.0,7.0,1.0,2.0,0.0,1.5,6.0,2.0,14.0,5.25,10.0,3.75,0.0,0.0,0.0,0.0,36.25,16.31,0.0,0.0,0.0,0.0,46,36.666666666666664,60.0,0.0,21.713283184877103,220.0,2.5625,7.0,0.0,2.5275270240183105,20.5,17.178571428571427,22.170325925623008,0.5920189907718924,0.9825177935931237
,2,90.0,54.0,30.3,20.0,62.0,24.0,4.0,5.0,0.0,2.0,2.0,1.0,6.0,2.0,12.0,4.5,6.5,2.43,0.0,0.0,0.0,0.0,36.75,16.53,0.0,0.0,0.0,0.0,47,46.71666666666667,90.0,20.0,27.053311565622913,280.3,2.75,6.0,0.0,2.052872551885702,22.0,21.592857142857145,28.170591984323877,0.5789694299962101,0.7437944028571384
,2,0.0,0.0,46.0,17.0,106.0,64.0,2.0,0.0,0.0,5.0,0.0,1.5,9.0,2.0,9.0,3.37,11.5,4.31,0.0,0.0,0.0,0.0,37.25,16.76,0.0,0.0,0.0,0.0,48,38.833333333333336,106.0,0.0,41.68652859937688,233.0,2.4375,9.0,0.0,3.1332035180808613,19.5,18.035714285714285,31.98465033641696,1.0731964798603848,1.2801648694916696
,2,0.0,70.0,71.0,24.0,75.0,70.0,2.0,0.0,1.0,2.0,7.0,0.0,6.0,2.0,10.0,3.75,15.0,5.62,0.0,0.0,0.0,0.0,48.0,21.6,0.0,0.0,0.0,0.0,49,51.666666666666664,75.0,0.0,31.702786418021155,310.0,2.5,7.0,0.0,2.6186146828319083,20.0,23.571428571428573,32.059354294841896,0.6134835790109235,1.0432727820047445
,2,82.0,60.0,52.0,38.0,22.0,0.0,3.5,8.0,2.0,10.0,2.0,5.0,0.0,2.0,22.25,8.34,19.5,7.31,0.0,0.0,0.0,0.0,44.0,19.8,0.0,0.0,0.0,0.0,50,42.333333333333336,82.0,0.0,28.994252303976847,254.0,4.0625,10.0,0.0,3.4062704783132784,32.5,20.464285714285715,26.75563512587603,0.6847418476889754,0.836407729481468
,2,97.0,0.0,98.0,48.0,116.0,77.0,5.0,6.0,2.0,10.0,2.0,0.0,10.0,2.0,32.0,12.0,24.5,9.18,0.0,0.0,0.0,0.0,57.25,25.76,0.0,0.0,0.0,0.0,51,72.66666666666667,116.0,0.0,42.471951528822714,436.0,4.625,10.0,0.0,3.814914340921881,37.0,33.785714285714285,43.847951572939614,0.5843959757210848,0.8230667402204705
,2,127.0,68.0,98.0,47.0,118.0,76.0,5.0,10.0,4.0,10.0,4.0,5.0,12.0,2.0,35.25,13.21,32.0,12.0,0.0,0.0,0.0,0.0,76.25,34.31,0.0,0.0,0.0,0.0,52,89.0,127.0,47.0,30.789608636681304,534.0,6.5,12.0,2.0,3.625307868699863,52.0,41.857142857142854,46.54833243787851,0.34591179234559377,0.5568829291397639
,2,76.0,30.0,61.1,45.0,97.0,68.0,1.5,5.0,2.0,2.0,3.0,1.5,12.0,2.0,12.75,4.78,11.0,4.12,0.0,0.0,0.0,0.0,51.0,22.95,0.0,0.0,0.0,0.0,53,62.85,97.0,30.0,23.522223534351507,377.1,3.625,12.0,1.5,3.573213839508789,29.0,29.00714285714286,33.83433541163846,0.3742001834927061,0.9830024317768333
,2,124.0,57.0,74.0,25.0,59.0,37.0,2.0,5.0,0.0,8.0,2.0,1.5,8.0,2.0,19.0,7.12,19.5,7.31,0.0,0.0,0.0,0.0,37.75,16.98,0.0,0.0,0.0,0.0,54,62.666666666666664,124.0,25.0,34.67948480970654,376.0,3.5625,8.0,0.0,3.0640484423623033,28.5,28.892857142857142,37.268350447195076,0.5533077404090816,0.8576762609831501
,2,83.0,55.0,33.1,37.0,69.0,55.0,2.5,7.0,0.0,2.0,0.0,1.5,5.0,2.0,11.75,4.4,6.0,2.25,0.0,0.0,0.0,0.0,26.5,11.92,0.0,0.0,0.0,0.0,55,55.35,83.0,33.1,18.88319358583182,332.1,2.5,7.0,0.0,2.4053511772118195,20.0,25.150000000000002,29.612620750151578,0.34109815003308924,0.9583072419170596
,2,117.0,64.0,98.0,45.0,99.0,77.0,1.0,5.0,0.0,7.0,5.0,1.0,6.0,2.0,14.75,5.53,11.5,4.31,0.0,0.0,0.0,0.0,39.0,17.55,0.0,0.0,0.0,0.0,56,83.33333333333333,117.0,45.0,26.371702005495713,500.0,3.375,7.0,0.0,2.669269563007828,27.0,37.642857142857146,44.243395235650965,0.31642245337154395,0.7885582165458871
,2,124.0,68.0,99.0,48.0,117.0,73.0,4.0,8.0,1.0,10.0,10.0,0.0,12.0,2.0,22.75,8.53,23.5,8.81,0.0,0.0,0.0,0.0,66.75,30.03,0.0,0.0,0.0,0.0,57,88.16666666666667,124.0,48.0,29.94272310039063,529.0,5.875,12.0,0.0,4.67325215607779,47.0,41.142857142857146,46.2881562237405,0.33957649151767993,0.794095523547628
,2,105.0,60.0,79.0,44.0,109.0,68.0,4.0,5.0,0.0,2.0,2.0,1.5,7.0,2.0,20.0,7.5,10.5,3.93,0.0,0.0,0.0,0.0,40.25,18.11,0.0,0.0,0.0,0.0,58,77.5,109.0,44.0,25.571468475627285,465.0,2.9375,7.0,0.0,2.2430448056157952,23.5,34.892857142857146,41.47852946517519,0.3299118626709751,0.7609990858747397
,2,0.0,52.0,82.0,33.0,86.0,0.0,3.5,0.0,0.0,1.0,2.0,1.5,12.0,2.0,12.5,4.68,8.0,3.0,0.0,0.0,0.0,0.0,34.0,15.3,0.0,0.0,0.0,0.0,59,42.166666666666664,86.0,0.0,38.0652947797159,253.0,2.75,12.0,0.0,3.909694909544003,22.0,19.642857142857142,31.229564746978365,0.9025202271330729,1.416556126646378
,2,0.0,68.0,0.0,41.0,88.0,75.0,1.0,5.0,1.0,0.0,0.0,0.0,11.0,2.0,8.5,3.18,0.0,0.0,0.0,0.0,0.0,0.0,7.0,3.15,0.0,0.0,0.0,0.0,60,45.333333333333336,88.0,0.0,38.32318706301273,272.0,2.5,11.0,0.0,3.8172540616821107,20.0,20.857142857142858,32.50528274901491,0.8451779841875924,1.5208183512677733
,2,0.0,67.0,54.0,34.0,105.0,51.0,2.0,4.0,2.0,0.0,7.0,0.0,0.0,2.0,22.5,8.43,11.5,4.31,0.0,0.0,0.0,0.0,51.25,23.06,0.0,0.0,0.0,0.0,61,51.833333333333336,105.0,0.0,34.83341307805864,311.0,2.125,7.0,0.0,2.416461403433896,17.0,23.428571428571427,33.48872206421896,0.6718976354026613,1.1318320390791083
,2,94.0,60.0,83.0,19.6,74.0,55.0,1.5,6.0,0.0,1.0,3.0,2.5,9.0,2.0,18.5,6.93,7.25,2.71,0.0,0.0,0.0,0.0,46.5,20.92,0.0,0.0,0.0,0.0,62,64.26666666666667,94.0,19.6,26.187528838488497,385.6,3.125,9.0,0.0,2.9610567611677325,25.0,29.32857142857143,35.41767113421531,0.4074189001476196,0.9445157132911428
,2,0.0,40.0,38.7,17.0,67.0,47.0,2.0,6.0,0.0,1.0,0.0,0.0,6.0,2.0,4.25,1.59,7.25,2.71,0.0,0.0,0.0,0.0,16.5,7.42,0.0,0.0,0.0,0.0,63,34.949999999999996,67.0,0.0,23.476264609174944,209.7,2.125,6.0,0.0,2.5319388392523003,17.0,16.192857142857143,22.35168086213288,0.6715178663951644,1.1859198310315224
,2,77.0,65.0,37.0,34.0,80.0,54.0,2.5,6.0,0.0,2.0,0.0,1.5,0.0,2.0,14.25,5.34,6.5,2.43,0.0,0.0,0.0,0.0,28.5,12.82,0.0,0.0,0.0,0.0,64,57.833333333333336,80.0,34.0,19.630758178599894,347.0,1.75,6.0,0.0,2.0,14.0,25.785714285714285,31.303547529187295,0.3393780587552566,1.1363636363636365
,2,0.0,50.0,56.0,33.0,89.0,57.0,2.0,3.0,0.0,2.0,0.0,0.0,8.0,2.0,15.75,5.9,4.5,1.68,0.0,0.0,0.0,0.0,38.5,17.32,0.0,0.0,0.0,0.0,65,47.5,89.0,0.0,29.52117883825102,285.0,2.125,8.0,0.0,2.6423744732991303,17.0,21.571428571428573,29.69774476212031,0.6213676876078935,1.2376461233251197
,2,0.0,56.0,25.4,14.0,0.0,0.0,2.0,3.0,0.0,0.0,0.0,0.0,0.0,0.0,2.5,0.93,1.25,0.46,0.0,0.0,0.0,0.0,5.5,2.47,0.0,0.0,0.0,0.0,66,15.9,56.0,0.0,22.18242547603846,95.4,0.625,3.0,0.0,1.1877349391654208,5.0,7.171428571428572,15.860324401155552,1.3942442159672195,1.870448723095151
,2,0.0,62.0,82.0,35.0,115.0,57.0,3.5,5.0,1.0,3.0,1.0,2.0,12.0,2.0,20.5,7.68,15.0,5.62,0.0,0.0,0.0,0.0,47.75,21.48,0.0,0.0,0.0,0.0,67,58.5,115.0,0.0,39.32810699741344,351.0,3.6875,12.0,1.0,3.6148256231406637,29.5,27.178571428571427,37.34022740179259,0.6721604340696197,0.9776404660285771
,2,0.0,60.0,82.0,29.0,97.0,57.0,5.0,3.0,0.0,10.0,2.0,1.5,12.0,2.0,19.0,7.12,9.5,3.56,0.0,0.0,0.0,0.0,43.5,19.57,0.0,0.0,0.0,0.0,68,54.166666666666664,97.0,0.0,35.26707624210812,325.0,4.4375,12.0,0.0,4.32135478095205,35.5,25.75,33.77342491914657,0.6509643064438834,0.971636825396751
,3,3.75,3.75,3.75,3.75,3.75,0.0,1.66,1.66,1.66,1.66,1.66,1.66,1.66,0.0,15.0,15.0,15.0,15.0,0.0,0.0,0.0,0.0,40.0,40.0,0.0,0.0,0.0,0.0,69,3.125,3.75,0.0,1.5309310892394863,18.75,1.4525,1.66,0.0,0.5868986283848344,11.62,2.1692857142857145,1.3507972818684888,0.4883352756744773,0.40129820744262185
,3,80.0,100.0,120.0,60.0,80.0,0.0,10.0,10.0,10.0,10.0,10.0,10.0,12.0,0.0,40.0,0.0,50.0,0.0,0.0,0.0,0.0,0.0,110.0,0.0,0.0,0.0,0.0,0.0,70,73.33333333333333,120.0,0.0,41.31182235954578,440.0,9.0,12.0,0.0,3.7032803990902057,72.0,36.57142857142857,41.896785787702854,0.5632662231451954,0.41101891221866876
,3,0.0,0.0,0.0,0.0,0.0,0.0,0.0,0.0,0.0,0.0,0.0,0.0,0.0,0.0,0.0,0.0,0.0,0.0,0.0,0.0,0.0,0.0,0.0,0.0,0.0,0.0,0.0,0.0,71,0.0,0.0,0.0,0.0,0.0,0.0,0.0,0.0,0.0,0.0,0.0,0.0,0.0,0.0
,3,73.0,0.0,74.0,42.0,0.0,0.0,9.0,2.0,0.0,8.0,5.0,8.0,6.0,0.0,29.0,10.87,14.5,4.34,0.0,0.0,0.0,0.0,41.25,15.0,0.0,0.0,0.0,0.0,72,31.5,74.0,0.0,36.37444157646959,189.0,4.75,9.0,0.0,3.654742515847438,38.0,16.214285714285715,26.54800752027736,1.1543777079171562,0.7678030495477811
,3,67.5,0.0,90.0,55.0,59.0,0.0,10.0,4.5,7.0,10.0,7.0,6.0,3.0,0.0,31.5,11.81,32.0,9.6,0.0,0.0,0.0,0.0,71.75,26.09,0.0,0.0,0.0,0.0,73,45.25,90.0,0.0,37.0860485897325,271.5,5.9375,10.0,0.0,3.4062704783132784,47.5,22.785714285714285,30.705621062521516,0.8194001014081419,0.5727230732767177
,3,67.0,44.0,80.0,0.0,0.0,0.0,7.0,2.0,8.0,0.0,0.0,0.0,0.0,0.0,10.5,3.93,0.5,0.15,0.0,0.0,0.0,0.0,6.0,2.18,0.0,0.0,0.0,0.0,74,31.833333333333332,80.0,0.0,36.728281564302286,191.0,2.125,8.0,0.0,3.399054490379851,17.0,14.857142857142858,27.52860649986076,1.1534056808636748,1.5920629931521553
,3,0.0,0.0,0.0,20.0,46.0,0.0,0.0,6.5,6.0,6.5,6.0,7.0,5.0,0.0,22.0,8.25,9.6,2.88,0.0,0.0,0.0,0.0,38.5,14.0,0.0,0.0,0.0,0.0,75,11.0,46.0,0.0,18.920887928424502,66.0,4.625,7.0,0.0,2.9124118625535877,37.0,7.357142857142857,12.368428436063411,1.7185184312828794,0.6283520739058442
,3,27.25,51.5,102.0,0.0,70.0,0.0,10.0,3.5,6.5,2.0,4.0,0.0,4.5,0.0,26.5,9.93,8.5,2.54,0.0,0.0,0.0,0.0,26.75,9.72,0.0,0.0,0.0,0.0,76,41.791666666666664,102.0,0.0,40.545165145386534,250.75,3.8125,10.0,0.0,3.3481071411428025,30.5,20.089285714285715,31.917502906058324,0.9699413535039242,0.8758946085396475
,3,53.5,64.5,86.0,37.0,50.0,0.0,8.5,7.0,10.0,6.0,9.5,7.0,3.5,0.0,25.5,9.56,35.0,10.5,0.0,0.0,0.0,0.0,47.25,17.18,0.0,0.0,0.0,0.0,77,48.5,86.0,0.0,28.892905703649813,291.0,6.4375,10.0,0.0,3.321332563896606,51.5,24.464285714285715,28.171496974038167,0.5956072088981615,0.5151349459320056
,3,27.5,69.0,71.0,48.0,47.0,0.0,4.5,2.0,1.0,0.0,4.0,6.0,6.0,0.0,11.0,4.12,4.0,1.2,0.0,0.0,0.0,0.0,24.5,8.9,0.0,0.0,0.0,0.0,78,43.75,71.0,0.0,26.783857078471726,262.5,2.9375,6.0,0.0,2.513357174321685,23.5,20.428571428571427,26.806900046627735,0.6120625474970687,0.8527081168182139
,3,72.5,82.0,101.0,57.0,67.0,0.0,6.0,6.0,8.5,6.0,4.0,10.0,6.0,0.0,35.0,13.12,20.0,6.0,0.0,0.0,0.0,0.0,58.25,21.18,0.0,0.0,0.0,0.0,79,63.25,101.0,0.0,34.39731094140936,379.5,5.8125,10.0,0.0,2.9753451180373296,46.5,30.428571428571427,36.468035077552265,0.5437450354317003,0.5110081782803486
,3,65.5,62.5,96.0,56.0,46.0,0.0,7.0,2.5,9.0,2.0,4.0,5.0,0.0,0.0,12.0,4.5,25.0,7.5,0.0,0.0,0.0,0.0,46.0,16.72,0.0,0.0,0.0,0.0,80,54.333333333333336,96.0,0.0,31.470091621516875,326.0,3.6875,9.0,0.0,3.2175578582876443,29.5,25.392857142857142,32.60319626345562,0.579097557900697,0.8701982037289099
,3,43.0,74.0,71.0,28.0,39.0,0.0,2.5,0.0,7.0,8.5,5.0,4.0,4.5,0.0,8.5,3.18,7.3,2.19,0.0,0.0,0.0,0.0,19.75,7.18,0.0,0.0,0.0,0.0,81,42.5,74.0,0.0,27.68934813244978,255.0,3.9375,8.5,0.0,3.0406472525246517,31.5,20.464285714285715,26.306963311665573,0.651360812337092,0.77027162825197
,3,65.0,81.5,0.0,48.0,30.0,0.0,2.0,0.0,7.5,2.0,8.0,2.0,0.0,0.0,9.0,3.37,1.3,0.39,0.0,0.0,0.0,0.0,20.75,7.54,0.0,0.0,0.0,0.0,82,37.416666666666664,81.5,0.0,33.678504519450776,224.5,2.6875,8.0,0.0,3.261654926129197,21.5,17.571428571428573,27.569392967046422,0.8998531667113675,1.2091399170080435
,3,74.0,52.0,119.0,60.0,80.0,0.0,10.0,9.5,8.0,5.0,7.0,10.0,7.5,0.0,33.5,12.56,42.0,12.6,0.0,0.0,0.0,0.0,67.0,24.36,0.0,0.0,0.0,0.0,83,64.16666666666667,119.0,0.0,39.08153869369355,385.0,7.125,10.0,0.0,3.346106479391917,57.0,31.571428571428573,38.099998557872546,0.6089680365713429,0.46897077496733247
,3,69.0,81.5,115.0,60.0,78.0,0.0,3.5,2.0,9.0,6.0,8.0,6.0,0.0,0.0,16.0,6.0,18.3,5.49,0.0,0.0,0.0,0.0,47.75,17.36,0.0,0.0,0.0,0.0,84,67.25,115.0,0.0,37.88634318590275,403.5,4.3125,9.0,0.0,3.47375363054352,34.5,31.285714285714285,40.040707308416046,0.5632819385355746,0.8036445646138856
,3,61.0,42.0,83.0,0.0,0.0,0.0,10.0,0.0,6.0,8.5,9.0,7.0,4.5,0.0,15.5,5.81,23.5,7.05,0.0,0.0,0.0,0.0,47.75,17.36,0.0,0.0,0.0,0.0,85,31.0,83.0,0.0,36.35381685600564,186.0,5.625,10.0,0.0,3.87989322386215,45.0,16.5,26.19600674207367,1.1723256000001818,0.6885347336046407
,3,22.25,38.5,65.5,26.0,0.0,0.0,2.5,0.0,3.5,4.0,6.0,6.0,1.0,0.0,1.5,0.56,2.8,0.84,0.0,0.0,0.0,0.0,25.0,9.09,0.0,0.0,0.0,0.0,86,25.375,65.5,0.0,24.82022864519987,152.25,2.875,6.0,0.0,2.4311960607310725,23.0,12.517857142857142,19.329745980491563,0.9777517685719861,0.8427022740835607
,3,0.0,0.0,0.0,0.0,0.0,0.0,0.0,0.0,2.5,4.0,4.0,1.0,1.5,0.0,5.0,1.87,1.0,0.3,0.0,0.0,0.0,0.0,10.0,3.63,0.0,0.0,0.0,0.0,87,0.0,0.0,0.0,0.0,0.0,1.625,4.0,0.0,1.7060815589280267,13.0,0.9285714285714286,1.5045717874984443,0.0,1.0434749595890072
,3,53.5,29.5,78.0,0.0,0.0,0.0,6.5,4.0,6.0,6.0,10.0,5.0,7.0,0.0,24.5,9.18,26.5,7.95,0.0,0.0,0.0,0.0,41.25,15.0,0.0,0.0,0.0,0.0,88,26.833333333333332,78.0,0.0,33.155190644402374,161.0,5.5625,10.0,0.0,2.8465204322872113,44.5,14.678571428571429,23.37701627902693,1.2351368674184418,0.5108156899573282
,3,49.0,76.0,107.0,58.0,0.0,0.0,7.0,4.0,4.0,6.0,7.0,5.0,7.5,0.0,11.0,4.12,15.5,4.65,0.0,0.0,0.0,0.0,48.5,17.63,0.0,0.0,0.0,0.0,89,48.333333333333336,107.0,0.0,42.36350630751268,290.0,5.0625,7.5,0.0,2.4558603380485624,40.5,23.607142857142858,34.457431135236426,0.876305032907247,0.4841518655591055
,3,24.25,69.0,75.0,48.0,76.0,0.0,5.5,2.0,4.0,6.0,2.0,6.0,3.5,0.0,13.5,5.06,21.3,6.39,0.0,0.0,0.0,0.0,41.25,15.0,0.0,0.0,0.0,0.0,90,48.708333333333336,76.0,0.0,31.04529620838987,292.25,3.625,6.0,0.0,2.1835423382332535,29.0,22.946428571428573,30.154757656805327,0.637240522904927,0.600699405291129
,3,71.0,83.0,113.0,60.0,76.0,0.0,7.0,4.5,4.0,5.0,9.0,0.0,4.0,0.0,24.5,9.18,13.5,4.05,0.0,0.0,0.0,0.0,39.0,14.18,0.0,0.0,0.0,0.0,91,67.16666666666667,113.0,0.0,37.434832264438775,403.0,4.1875,9.0,0.0,3.0930509672028177,33.5,31.178571428571427,39.87750818871033,0.5572594491803519,0.7368793251227678
,3,53.0,87.0,96.0,0.0,0.0,0.0,7.5,3.5,5.5,2.0,6.0,3.0,4.0,0.0,19.0,7.12,17.0,5.09,0.0,0.0,0.0,0.0,39.5,14.36,0.0,0.0,0.0,0.0,92,39.333333333333336,96.0,0.0,45.41218632335011,236.0,3.9375,7.5,0.0,2.382038442774831,31.5,19.107142857142858,33.56576699981269,1.1542536555964613,0.6034296245154734
,3,63.5,0.0,97.0,57.0,77.0,0.0,0.0,7.0,8.0,6.0,10.0,5.0,7.0,0.0,17.0,6.37,17.5,5.25,0.0,0.0,0.0,0.0,42.25,15.36,0.0,0.0,0.0,0.0,93,49.083333333333336,97.0,0.0,40.408435587964384,294.5,5.375,10.0,0.0,3.6228441865473595,43.0,24.107142857142858,33.74803616590074,0.82309415238928,0.6727658656541058
,3,61.0,65.0,81.0,0.0,69.0,0.0,6.5,8.5,3.0,6.0,4.0,0.0,0.0,0.0,14.5,5.43,2.0,0.6,0.0,0.0,0.0,0.0,19.25,7.0,0.0,0.0,0.0,0.0,94,46.0,81.0,0.0,36.254654873546926,276.0,3.5,8.5,0.0,3.3273756282434617,28.0,21.714285714285715,31.430456986395,0.7879733726048017,0.9479702644568267
,3,69.5,82.5,90.0,58.0,76.0,0.0,7.0,1.0,9.0,6.0,9.0,7.0,0.0,0.0,18.0,6.75,24.5,7.35,0.0,0.0,0.0,0.0,51.0,18.54,0.0,0.0,0.0,0.0,95,62.666666666666664,90.0,0.0,32.6001022493284,376.0,4.875,9.0,0.0,3.9074105418879577,39.0,29.642857142857142,36.02532686630582,0.520131397904511,0.799879333037453
,3,61.5,51.5,70.0,0.0,55.0,0.0,7.0,2.5,4.0,6.0,9.0,10.0,4.0,0.0,16.5,6.18,16.3,4.88,0.0,0.0,0.0,0.0,39.0,14.18,0.0,0.0,0.0,0.0,96,39.666666666666664,70.0,0.0,31.36505486471635,238.0,5.3125,10.0,0.0,3.3481071411428025,42.5,20.035714285714285,26.37558915544264,0.7905163790149463,0.6290478423941386
,3,51.0,80.0,116.0,51.0,74.0,0.0,7.5,2.5,6.0,6.0,8.0,7.0,5.0,0.0,27.5,10.31,13.5,4.05,0.0,0.0,0.0,0.0,38.0,13.81,0.0,0.0,0.0,0.0,97,62.0,116.0,0.0,38.65229618017538,372.0,5.25,8.0,0.0,2.7255405754769875,42.0,29.571428571428573,37.7888145552954,0.6233235958744618,0.5181636075051307
,3,70.0,79.5,101.0,58.0,58.0,0.0,9.0,9.5,8.0,8.5,8.0,7.0,8.5,0.0,27.5,10.31,29.5,8.85,0.0,0.0,0.0,0.0,50.5,18.36,0.0,0.0,0.0,0.0,98,61.083333333333336,101.0,0.0,33.94763123793274,366.5,7.3125,9.5,0.0,3.0465144017384853,58.5,30.357142857142858,34.796346277816504,0.5556683419565595,0.4160483990083285
,3,65.5,0.0,76.0,40.0,52.0,0.0,10.0,5.0,8.0,0.0,3.0,0.0,5.5,0.0,10.0,3.75,4.5,1.35,0.0,0.0,0.0,0.0,17.5,6.36,0.0,0.0,0.0,0.0,99,38.916666666666664,76.0,0.0,32.50602508253919,233.5,3.9375,10.0,0.0,3.858548024470197,31.5,18.928571428571427,27.149767772669623,0.8350580171914505,0.977466250657428
,3,66.5,37.0,0.0,0.0,0.0,0.0,3.0,2.0,1.5,0.0,0.0,0.0,0.0,0.0,11.5,4.31,0.0,0.0,0.0,0.0,0.0,0.0,8.0,2.9,0.0,0.0,0.0,0.0,100,17.25,66.5,0.0,28.305034887807505,103.5,0.8125,3.0,0.0,1.19335960332883,6.5,7.857142857142857,19.49795706401903,1.639920908911211,1.4508931347462979
,3,59.5,53.5,87.0,46.0,75.0,0.0,7.0,2.5,3.5,6.0,4.0,2.0,3.5,0.0,20.5,7.68,23.9,7.17,0.0,0.0,0.0,0.0,50.75,18.45,0.0,0.0,0.0,0.0,101,53.5,87.0,0.0,30.129719547317396,321.0,3.5625,7.0,0.0,2.2109710213258915,28.5,24.964285714285715,31.77230548141566,0.5630670818037263,0.6188862201052181
,3,46.5,0.0,88.0,46.0,56.0,0.0,9.0,0.0,1.5,5.0,10.0,8.0,4.0,0.0,19.5,7.31,28.5,8.55,0.0,0.0,0.0,0.0,38.0,13.81,0.0,0.0,0.0,0.0,102,39.416666666666664,88.0,0.0,34.16491865447168,236.5,4.6875,10.0,0.0,4.0083617957607425,37.5,19.571428571428573,27.851154611376767,0.8665434220782469,0.853296816553644
,3,64.5,36.0,50.0,18.0,21.0,0.0,3.0,4.5,5.0,6.0,8.0,0.0,3.5,0.0,9.5,3.56,3.0,0.9,0.0,0.0,0.0,0.0,24.75,9.0,0.0,0.0,0.0,0.0,103,31.583333333333332,64.5,0.0,23.393197016796712,189.5,3.75,8.0,0.0,2.7774602993176543,30.0,15.678571428571429,20.46818088085574,0.7404472573368869,0.7386862498185252
,3,68.5,77.5,70.0,46.0,37.0,0.0,7.5,8.0,4.5,6.0,0.0,5.0,1.0,0.0,21.0,7.87,15.5,4.65,0.0,0.0,0.0,0.0,28.5,10.36,0.0,0.0,0.0,0.0,104,49.833333333333336,77.5,0.0,28.925190866555518,299.0,4.0,8.0,0.0,3.2623392133340676,32.0,23.642857142857142,29.69099097461964,0.5803221600994218,0.8135509260184708
,3,69.0,87.0,105.0,0.0,67.0,0.0,10.0,9.5,3.0,0.0,5.0,0.0,10.5,0.0,32.5,12.18,24.5,7.35,0.0,0.0,0.0,0.0,36.25,13.18,0.0,0.0,0.0,0.0,105,54.666666666666664,105.0,0.0,44.52714527865745,328.0,4.75,10.5,0.0,4.69041575982343,38.0,26.142857142857142,37.835894928691,0.8143719797352458,0.9853814621477794
,3,71.5,38.0,79.0,41.0,0.0,0.0,6.5,2.5,4.5,0.0,0.0,0.0,0.0,0.0,13.0,4.87,11.0,3.3,0.0,0.0,0.0,0.0,17.0,6.18,0.0,0.0,0.0,0.0,106,38.25,79.0,0.0,33.76351581218994,229.5,1.6875,6.5,0.0,2.5626088827041644,13.5,17.357142857142858,28.187851018744674,0.8824755831727636,1.509637044302895
,3,72.0,82.0,101.0,0.0,55.0,0.0,7.0,0.0,9.0,8.0,7.0,7.0,3.5,0.0,22.5,8.43,16.5,4.95,0.0,0.0,0.0,0.0,33.75,12.27,0.0,0.0,0.0,0.0,107,51.666666666666664,101.0,0.0,42.70206864622212,310.0,5.1875,9.0,0.0,3.565083649589646,41.5,25.107142857142858,35.74814603661209,0.8263317160463548,0.685922780103828
,3,65.0,71.5,111.0,48.0,0.0,0.0,7.0,2.5,4.5,4.0,8.0,2.0,0.0,0.0,15.0,5.62,1.5,0.45,0.0,0.0,0.0,0.0,16.5,6.0,0.0,0.0,0.0,0.0,108,49.25,111.0,0.0,43.37943060944899,295.5,3.5,8.0,0.0,2.9640705601780613,28.0,23.107142857142858,35.78417063635635,0.8806218150517456,0.8444645470592768
,3,0.0,25.0,54.0,14.0,0.0,0.0,1.0,0.5,2.0,3.0,2.0,0.0,0.0,0.0,5.0,1.87,1.5,0.45,0.0,0.0,0.0,0.0,12.0,4.36,0.0,0.0,0.0,0.0,109,15.5,54.0,0.0,21.426618958669145,93.0,1.0625,3.0,0.0,1.1475906437899734,8.5,7.25,15.24006612139906,1.381471241693691,1.0700145862843575
,3,68.5,86.0,78.0,54.0,73.0,0.0,0.0,0.0,5.5,8.5,7.0,4.0,3.5,0.0,15.0,5.62,25.8,7.74,0.0,0.0,0.0,0.0,41.5,15.09,0.0,0.0,0.0,0.0,110,59.916666666666664,86.0,0.0,31.23206151804051,359.5,3.5625,8.5,0.0,3.342769382242386,28.5,27.714285714285715,34.9107181501361,0.5211713458344729,0.9356947186122844
,3,61.0,63.0,80.0,0.0,63.0,0.0,7.0,6.5,2.5,3.0,5.0,0.0,5.5,0.0,22.0,8.25,16.2,4.86,0.0,0.0,0.0,0.0,28.75,10.45,0.0,0.0,0.0,0.0,111,44.5,80.0,0.0,35.14967994164385,267.0,3.6875,7.0,0.0,2.75081156855832,29.5,21.178571428571427,30.30778469612738,0.7897029867814841,0.7439652653301745
,3,67.5,86.0,99.0,53.0,70.0,0.0,7.0,4.5,3.5,7.0,7.0,0.0,0.0,0.0,18.0,6.75,12.5,3.75,0.0,0.0,0.0,0.0,37.25,13.54,0.0,0.0,0.0,0.0,112,62.583333333333336,99.0,0.0,34.531748676640554,375.5,3.625,7.0,0.0,3.2596012026013246,29.0,28.892857142857142,37.16345318652793,0.5516841305246654,0.8967266031915612
,3,64.0,82.0,106.0,51.0,73.0,0.0,8.5,7.0,5.5,8.5,5.0,7.0,2.5,0.0,22.5,8.43,13.0,3.9,0.0,0.0,0.0,0.0,34.5,12.54,0.0,0.0,0.0,0.0,113,62.666666666666664,106.0,0.0,35.842246953374264,376.0,5.5,8.5,0.0,2.9760952365713798,44.0,30.0,36.8886057037838,0.5718594950812254,0.5401261772361851
,3,44.0,78.5,101.0,0.0,0.0,0.0,4.0,2.5,4.0,0.0,7.0,8.0,0.0,0.0,18.0,6.75,4.5,1.35,0.0,0.0,0.0,0.0,22.5,8.18,0.0,0.0,0.0,0.0,114,37.25,101.0,0.0,44.66290407038038,223.5,3.1875,8.0,0.0,3.161571715822008,25.5,17.785714285714285,32.842113141580825,1.1986823422002248,0.9887636327824888
,3,44.5,83.0,91.0,0.0,65.0,0.0,7.0,2.5,8.0,0.0,6.0,0.0,0.5,0.0,8.0,3.0,4.5,1.35,0.0,0.0,0.0,0.0,10.5,3.81,0.0,0.0,0.0,0.0,115,47.25,91.0,0.0,39.9496558182921,283.5,3.0,8.0,0.0,3.453776401067595,24.0,21.964285714285715,33.71456218456208,0.845316458279562,1.1474340202882376
,4,3.75,3.75,3.75,3.75,3.75,0.0,1.66,1.66,1.66,1.66,1.66,1.66,1.66,0.0,15.0,15.0,15.0,15.0,0.0,0.0,0.0,0.0,40.0,40.0,0.0,0.0,0.0,0.0,116,3.125,3.75,0.0,1.5309310892394863,18.75,1.4525,1.66,0.0,0.5868986283848344,11.62,2.1692857142857145,1.3507972818684888,0.4883352756744773,0.40129820744262185
,4,80.0,100.0,120.0,60.0,80.0,0.0,10.0,10.0,10.0,10.0,10.0,10.0,12.0,0.0,40.0,0.0,50.0,0.0,0.0,0.0,0.0,0.0,110.0,0.0,0.0,0.0,0.0,0.0,117,73.33333333333333,120.0,0.0,41.31182235954578,440.0,9.0,12.0,0.0,3.7032803990902057,72.0,36.57142857142857,41.896785787702854,0.5632662231451954,0.41101891221866876
,4,0.0,0.0,0.0,0.0,0.0,0.0,0.0,0.0,0.0,0.0,0.0,0.0,0.0,0.0,0.0,0.0,0.0,0.0,0.0,0.0,0.0,0.0,0.0,0.0,0.0,0.0,0.0,0.0,118,0.0,0.0,0.0,0.0,0.0,0.0,0.0,0.0,0.0,0.0,0.0,0.0,0.0,0.0
,4,69.5,0.0,102.5,43.5,64.5,0.0,1.5,8.5,4.0,6.5,0.0,4.5,4.0,0.0,19.0,7.12,10.3,3.09,0.0,0.0,0.0,0.0,36.5,13.27,0.0,0.0,0.0,0.0,119,46.666666666666664,102.5,0.0,40.797875761694584,280.0,3.625,8.5,0.0,3.020761493398643,29.0,22.071428571428573,33.670266010039384,0.8740528978439175,0.8310210435759678
,4,79.0,90.0,116.0,52.0,0.0,0.0,8.0,9.5,9.0,9.5,4.5,8.0,6.0,0.0,29.0,10.87,36.0,10.8,0.0,0.0,0.0,0.0,57.0,20.72,0.0,0.0,0.0,0.0,120,56.166666666666664,116.0,0.0,48.109943532150055,337.0,6.8125,9.5,0.0,3.261654926129197,54.5,27.964285714285715,39.22198377171928,0.8564043825814406,0.47807327609075806
,4,34.0,79.0,0.0,44.0,50.5,0.0,8.0,4.0,4.0,4.0,6.0,7.5,4.5,0.0,14.0,5.25,9.0,2.7,0.0,0.0,0.0,0.0,35.5,12.9,0.0,0.0,0.0,0.0,121,34.583333333333336,79.0,0.0,30.682921416753434,207.5,4.75,8.0,0.0,2.5071326821120348,38.0,17.535714285714285,24.499187023963977,0.8869605343058422,0.5267085466621922
,4,78.0,80.5,85.5,0.0,61.0,0.0,0.5,9.5,6.5,6.5,4.5,4.0,11.0,0.0,27.0,10.12,36.5,10.95,0.0,0.0,0.0,0.0,48.25,17.54,0.0,0.0,0.0,0.0,122,50.833333333333336,85.5,0.0,40.22768532573887,305.0,5.3125,11.0,0.0,3.8999771061599104,42.5,24.821428571428573,34.308894979659065,0.7912086538859018,0.7327340734917633
,4,72.0,77.5,97.5,42.0,64.0,0.0,0.0,4.5,6.5,6.0,2.0,1.0,7.5,0.0,9.5,3.56,32.0,9.6,0.0,0.0,0.0,0.0,46.5,16.9,0.0,0.0,0.0,0.0,123,58.833333333333336,97.5,0.0,34.02450097601237,353.0,3.4375,7.5,0.0,3.052370273363683,27.5,27.178571428571427,35.490847760025034,0.5782218485698585,0.8853865912585013
,4,72.0,68.0,103.5,0.0,76.5,0.0,2.0,4.5,10.0,4.5,0.0,7.0,0.0,0.0,12.5,4.68,11.5,3.45,0.0,0.0,0.0,0.0,18.25,6.63,0.0,0.0,0.0,0.0,124,53.333333333333336,103.5,0.0,43.14124090318528,320.0,3.5,10.0,0.0,3.693623849670827,28.0,24.857142857142858,37.12319851699026,0.8087466269421723,1.0523144870857057
,4,76.0,67.0,73.0,42.0,73.0,0.0,3.5,4.5,7.5,0.0,8.0,9.5,11.5,0.0,29.5,11.06,40.0,12.0,0.0,0.0,0.0,0.0,63.25,23.0,0.0,0.0,0.0,0.0,125,55.166666666666664,76.0,0.0,29.755111605683258,331.0,5.5625,11.5,0.0,4.271479335579855,44.5,26.821428571428573,31.61158936873599,0.5392698291370132,0.7665283688792921
,4,31.0,74.0,89.5,14.0,53.0,0.0,1.5,0.0,3.0,2.5,4.5,8.0,3.5,0.0,10.0,3.75,17.0,5.09,0.0,0.0,0.0,0.0,22.5,8.18,0.0,0.0,0.0,0.0,126,43.583333333333336,89.5,0.0,34.800023946351914,261.5,2.875,8.0,0.0,2.615202805574687,23.0,20.321428571428573,30.108526228434894,0.7982877491899047,0.9064827748959055
,4,70.0,56.0,0.0,12.8,76.0,0.0,2.0,7.0,7.0,9.0,9.5,8.5,2.0,0.0,20.5,7.68,31.5,9.44,0.0,0.0,0.0,0.0,52.75,19.18,0.0,0.0,0.0,0.0,127,35.800000000000004,76.0,0.0,35.45701623092389,214.8,5.625,9.5,0.0,3.710506318935078,45.0,18.557142857142857,27.038710548616557,0.9901428715700611,0.6584749456850183
,4,34.0,89.5,57.5,0.0,72.5,0.0,7.5,7.5,7.0,2.0,6.5,6.5,4.5,0.0,35.5,13.31,36.5,10.95,0.0,0.0,0.0,0.0,41.0,14.9,0.0,0.0,0.0,0.0,128,42.25,89.5,0.0,37.465650935223316,253.5,5.1875,7.5,0.0,2.802263116024006,41.5,21.071428571428573,30.10613095167031,0.8865511342930269,0.5391559626789815
,4,64.0,66.5,105.5,29.0,0.0,0.0,0.5,9.5,0.0,0.5,5.0,8.5,5.0,0.0,12.0,4.5,20.0,6.0,0.0,0.0,0.0,0.0,55.0,20.0,0.0,0.0,0.0,0.0,129,44.166666666666664,105.5,0.0,41.91737905292585,265.0,3.625,9.5,0.0,3.9256482631170977,29.0,21.0,33.43017982417868,0.9488578975234103,1.0799582567034658
,4,37.0,83.0,98.0,55.5,78.5,0.0,9.5,3.5,8.5,5.5,4.5,9.0,9.0,0.0,26.0,9.75,35.5,10.65,0.0,0.0,0.0,0.0,57.75,21.0,0.0,0.0,0.0,0.0,130,58.666666666666664,98.0,0.0,35.92724128939859,352.0,6.1875,9.5,0.0,3.401024005459868,49.5,28.678571428571427,35.057429335995984,0.6122917904231993,0.5487735385978004
,4,62.0,80.5,87.5,52.5,69.5,0.0,3.5,5.0,6.5,6.0,4.0,2.0,5.0,0.0,18.0,6.75,25.1,7.53,0.0,0.0,0.0,0.0,50.25,18.27,0.0,0.0,0.0,0.0,131,58.666666666666664,87.5,0.0,31.357083197687036,352.0,4.0,6.5,0.0,2.1547290184283368,32.0,27.428571428571427,34.18831173574763,0.5344046446234227,0.5373389073387373
,4,62.0,66.0,82.0,0.0,48.5,0.0,1.5,3.5,9.0,5.0,0.0,1.5,0.0,0.0,6.0,2.25,3.0,0.9,0.0,0.0,0.0,0.0,13.5,4.9,0.0,0.0,0.0,0.0,132,43.083333333333336,82.0,0.0,35.04057172288527,258.5,2.5625,9.0,0.0,3.167214864829982,20.5,19.928571428571427,30.17758792857397,0.8131320789654688,1.2311816772905664
,4,71.0,0.0,90.5,0.0,0.0,0.0,5.0,8.0,8.5,0.0,0.0,0.0,0.0,0.0,18.0,6.75,8.3,2.49,0.0,0.0,0.0,0.0,6.5,2.36,0.0,0.0,0.0,0.0,133,26.916666666666668,90.5,0.0,42.152599761659616,161.5,2.6875,8.5,0.0,3.8446391248074248,21.5,13.071428571428571,29.089290352066218,1.5654592632455908,1.4252601018748563
,4,68.0,68.0,0.0,27.3,71.5,0.0,4.5,10.0,9.0,9.5,0.5,4.0,1.0,0.0,20.0,7.5,26.75,8.02,0.0,0.0,0.0,0.0,45.5,16.54,0.0,0.0,0.0,0.0,134,39.13333333333333,71.5,0.0,34.400678287886514,234.8,4.8125,10.0,0.0,4.199808669111351,38.5,19.521428571428572,27.84446302012522,0.8788387538419445,0.870877899245485
,4,66.0,77.0,112.5,57.0,69.0,0.0,5.0,7.0,5.5,9.0,1.0,7.0,6.5,0.0,11.5,4.31,20.1,6.03,0.0,0.0,0.0,0.0,55.75,20.27,0.0,0.0,0.0,0.0,135,63.583333333333336,112.5,0.0,36.59018538715904,381.5,5.125,9.0,0.0,3.1024184114977142,41.0,30.178571428571427,37.701564517045796,0.5753776924283317,0.604171063582807
,4,65.5,31.0,102.5,11.9,33.0,0.0,1.0,9.5,7.5,4.0,5.0,10.0,5.0,0.0,30.5,11.43,17.6,5.28,0.0,0.0,0.0,0.0,34.75,12.63,0.0,0.0,0.0,0.0,136,40.65,102.5,0.0,37.61269732417498,243.9,5.25,10.0,0.0,3.6449573777637356,42.0,20.42142857142857,29.69475940740615,0.9250540414209293,0.6929576763809384
,4,37.0,59.5,85.5,56.5,0.0,0.0,1.5,7.0,5.5,0.5,4.5,2.0,6.0,0.0,15.5,5.81,13.0,3.9,0.0,0.0,0.0,0.0,35.5,12.9,0.0,0.0,0.0,0.0,137,39.75,85.5,0.0,34.442343125867616,238.5,3.375,7.0,0.0,2.6958963523950885,27.0,18.964285714285715,28.445267475596744,0.8662561148357046,0.7964243286248416
,4,71.0,97.5,106.0,46.0,75.0,0.0,5.5,9.0,8.5,9.5,9.0,0.0,10.0,0.0,26.0,9.75,40.0,12.0,0.0,0.0,0.0,0.0,69.5,25.27,0.0,0.0,0.0,0.0,138,65.91666666666667,106.0,0.0,38.61141886368159,395.5,6.4375,10.0,0.0,4.195554620241354,51.5,31.928571428571427,38.93478627676775,0.5856722448733176,0.6507258038373562
,4,71.5,96.0,94.0,52.5,0.0,0.0,4.0,9.5,6.5,6.0,6.0,8.5,7.0,0.0,27.5,10.31,39.5,11.85,0.0,0.0,0.0,0.0,55.5,20.18,0.0,0.0,0.0,0.0,139,52.333333333333336,96.0,0.0,43.56106824524241,314.0,5.9375,9.5,0.0,2.920830361386981,47.5,25.821428571428573,36.085159501708404,0.8322180776649508,0.4911022045207198
,4,59.5,52.5,49.0,0.0,40.0,0.0,0.0,1.0,5.5,7.5,3.0,2.0,0.0,0.0,8.0,3.0,5.0,1.5,0.0,0.0,0.0,0.0,20.5,7.45,0.0,0.0,0.0,0.0,140,33.5,59.5,0.0,26.698314553544385,201.0,2.375,7.5,0.0,2.812599204599597,19.0,15.714285714285714,23.10653777423368,0.7967267846476987,1.1792868782388248
,4,52.5,87.0,88.0,55.5,0.0,0.0,1.5,7.0,6.5,1.5,2.5,8.0,6.5,0.0,10.5,3.93,19.0,5.7,0.0,0.0,0.0,0.0,36.0,13.09,0.0,0.0,0.0,0.0,141,47.166666666666664,88.0,0.0,39.50021096990074,283.0,4.1875,8.0,0.0,3.1160586368955623,33.5,22.607142857142858,33.05309165769321,0.8372827874634511,0.7423606043825045
,4,31.5,76.0,0.0,47.0,50.0,0.0,7.0,10.0,6.5,7.5,4.0,1.0,9.5,0.0,25.5,9.56,28.6,8.58,0.0,0.0,0.0,0.0,48.5,17.63,0.0,0.0,0.0,0.0,142,34.083333333333336,76.0,0.0,30.02401816324169,204.5,5.6875,10.0,0.0,3.7026776025697172,45.5,17.857142857142858,23.80645401455775,0.880641909363757,0.6498775958876204
,4,33.0,79.5,0.0,37.0,74.0,0.0,5.0,6.5,8.5,8.0,3.0,6.0,5.5,0.0,25.0,9.37,30.6,9.18,0.0,0.0,0.0,0.0,42.5,15.45,0.0,0.0,0.0,0.0,143,37.25,79.5,0.0,34.43508385353519,223.5,5.3125,8.5,0.0,2.75081156855832,42.5,19.0,27.00284885255343,0.9241836783020717,0.5168269738954101
,4,74.0,74.0,106.0,19.95,0.0,0.0,5.0,10.0,8.5,9.0,5.5,7.5,6.5,0.0,26.5,9.93,28.0,8.4,0.0,0.0,0.0,0.0,38.75,14.09,0.0,0.0,0.0,0.0,144,45.65833333333333,106.0,0.0,44.89521596636625,273.95,6.5,10.0,0.0,3.1396087108337016,52.0,23.282142857142855,34.422921741316365,0.9830710404663974,0.482274763568925
,4,63.0,72.0,113.5,45.0,64.0,0.0,6.0,8.0,6.5,5.0,4.5,9.0,8.5,0.0,24.0,9.0,17.0,5.09,0.0,0.0,0.0,0.0,53.75,19.54,0.0,0.0,0.0,0.0,145,59.583333333333336,113.5,0.0,37.02757981109036,357.5,5.9375,9.0,0.0,2.8962722346393575,47.5,28.928571428571427,35.928271031886005,0.6213376184879242,0.48697305332313706
,4,60.5,54.0,78.0,0.0,47.0,0.0,3.0,0.0,6.0,2.0,3.0,2.5,7.0,0.0,11.5,4.31,10.1,3.03,0.0,0.0,0.0,0.0,34.25,12.45,0.0,0.0,0.0,0.0,146,39.916666666666664,78.0,0.0,32.58591208891761,239.5,2.9375,7.0,0.0,2.513357174321685,23.5,18.785714285714285,27.792994611062504,0.816144066344572,0.8527081168182139
,4,29.0,47.0,70.7,37.0,65.5,0.0,2.0,0.0,7.5,1.0,5.0,7.0,4.0,0.0,9.0,3.37,8.4,2.52,0.0,0.0,0.0,0.0,15.0,5.45,0.0,0.0,0.0,0.0,147,41.53333333333333,70.7,0.0,25.913831570546773,249.2,3.3125,7.5,0.0,3.0111400309042895,26.5,19.692857142857143,25.464408473418324,0.6237783415842119,0.9062874434625402
,4,70.0,79.0,84.0,42.5,69.5,0.0,3.5,9.0,5.0,7.0,6.5,6.0,7.0,0.0,19.0,7.12,10.1,3.03,0.0,0.0,0.0,0.0,58.0,21.09,0.0,0.0,0.0,0.0,148,57.5,84.0,0.0,31.61012496020856,345.0,5.5,9.0,0.0,2.7386127875258306,44.0,27.785714285714285,33.18868799740374,0.5496457130970016,0.49702591425151194
,4,61.5,0.0,101.5,35.0,65.0,0.0,2.5,3.0,3.0,8.5,6.5,1.0,4.5,0.0,19.0,7.12,21.5,6.45,0.0,0.0,0.0,0.0,44.5,16.18,0.0,0.0,0.0,0.0,149,43.833333333333336,101.5,0.0,40.01583020089257,263.0,3.625,8.5,0.0,2.799872446074234,29.0,20.857142857142858,32.349312542587704,0.912700453148922,0.770253767833352
,4,63.0,47.5,78.0,12.75,43.0,0.0,1.0,4.5,4.0,9.0,4.5,8.5,6.0,0.0,23.5,8.81,12.5,3.75,0.0,0.0,0.0,0.0,18.75,6.81,0.0,0.0,0.0,0.0,150,40.708333333333336,78.0,0.0,29.58987016981769,244.25,4.6875,9.0,0.0,3.184084304339767,37.5,20.125,26.161251072766145,0.7266964963321442,0.6778252909717439
,4,69.5,48.5,0.0,35.0,38.0,0.0,1.5,0.0,5.5,3.0,3.5,6.5,4.0,0.0,9.0,3.37,4.0,1.2,0.0,0.0,0.0,0.0,12.0,4.36,0.0,0.0,0.0,0.0,151,31.833333333333332,69.5,0.0,27.4639157198435,191.0,3.0,6.5,0.0,2.390457218668787,24.0,15.357142857142858,22.63712791940622,0.8624698750081702,0.7941718334447798
,4,77.5,69.0,108.5,40.5,65.5,0.0,1.5,3.5,8.5,3.0,4.5,4.0,5.0,0.0,9.0,3.37,18.1,5.43,0.0,0.0,0.0,0.0,27.25,9.9,0.0,0.0,0.0,0.0,152,60.166666666666664,108.5,0.0,36.741892529735956,361.0,3.75,8.5,0.0,2.5213375135318272,30.0,27.928571428571427,36.90625189004471,0.6105670946059263,0.6705684876414435
,4,34.5,83.5,97.5,0.0,54.0,0.0,7.0,10.0,7.5,9.5,10.0,9.0,11.0,0.0,35.0,13.12,44.0,13.2,0.0,0.0,0.0,0.0,81.75,29.72,0.0,0.0,0.0,0.0,153,44.916666666666664,97.5,0.0,41.18181232858343,269.5,8.0,11.0,0.0,3.494894235064305,64.0,23.821428571428573,31.910696990469866,0.9166451772202873,0.4363163839031592
,4,35.5,0.0,72.0,0.0,51.0,0.0,0.0,0.0,4.5,2.0,5.0,5.5,6.0,0.0,13.0,4.87,8.5,2.54,0.0,0.0,0.0,0.0,21.5,7.81,0.0,0.0,0.0,0.0,154,26.416666666666668,72.0,0.0,31.17116723298418,158.5,2.875,6.0,0.0,2.655856063225458,23.0,12.964285714285714,22.88387430695911,1.1795345824792196,0.9205740253814414
,4,64.0,0.0,75.0,29.0,47.0,0.0,4.5,10.0,4.0,3.0,1.5,6.0,0.0,0.0,12.0,4.5,5.0,1.5,0.0,0.0,0.0,0.0,29.75,10.81,0.0,0.0,0.0,0.0,155,35.833333333333336,75.0,0.0,31.833420593248643,215.0,3.625,10.0,0.0,3.346106479391917,29.0,17.428571428571427,25.87236210474646,0.8881266788779497,0.9205244785122193
,4,75.5,55.0,68.5,42.0,72.0,0.0,3.5,10.0,9.0,9.0,5.5,0.0,3.0,0.0,21.5,8.06,22.8,6.84,0.0,0.0,0.0,0.0,46.75,17.0,0.0,0.0,0.0,0.0,156,52.166666666666664,75.5,0.0,28.415957957926857,313.0,5.0,10.0,0.0,4.026696625558687,40.0,25.214285714285715,30.10029023992082,0.544610450864247,0.8037318613889595
,4,34.0,53.5,105.0,0.0,70.0,0.0,1.0,7.5,2.5,3.5,7.5,0.0,0.0,0.0,14.0,5.25,12.5,3.75,0.0,0.0,0.0,0.0,20.75,7.54,0.0,0.0,0.0,0.0,157,43.75,105.0,0.0,41.131192542886474,262.5,2.75,7.5,0.0,3.1959796173138706,22.0,20.321428571428573,33.15906138068977,0.9399267034480456,1.1579636294615474
,4,65.5,67.0,90.5,0.0,0.0,0.0,2.0,2.5,8.5,2.5,3.0,0.5,0.0,0.0,5.0,1.87,4.0,1.2,0.0,0.0,0.0,0.0,12.0,4.36,0.0,0.0,0.0,0.0,158,37.166666666666664,90.5,0.0,41.668533291521875,223.0,2.375,8.5,0.0,2.748376143938713,19.0,17.285714285714285,31.48181055156129,1.1208248890394121,1.152358970204911
,4,67.0,91.0,117.0,49.5,75.0,0.0,1.0,10.0,8.5,8.0,4.5,7.5,3.5,0.0,27.0,10.12,32.6,9.77,0.0,0.0,0.0,0.0,55.0,20.0,0.0,0.0,0.0,0.0,159,66.58333333333333,117.0,0.0,39.83518126815374,399.5,5.375,10.0,0.0,3.6815175442433286,43.0,31.607142857142858,40.07117637185332,0.5981857233179558,0.6836615681046108
,4,60.0,67.0,67.5,29.5,46.5,0.0,3.5,6.5,5.5,7.5,0.5,1.0,4.5,0.0,16.5,6.18,24.1,7.23,0.0,0.0,0.0,0.0,25.0,9.09,0.0,0.0,0.0,0.0,160,45.083333333333336,67.5,0.0,26.392075830950976,270.5,3.625,7.5,0.0,2.862940546261583,29.0,21.392857142857142,26.937376500825998,0.5852766668602375,0.7876040017225814
,4,56.0,68.5,58.0,0.0,30.0,0.0,1.5,2.5,4.5,3.5,1.5,0.5,4.0,0.0,9.0,3.37,5.8,1.74,0.0,0.0,0.0,0.0,36.25,13.18,0.0,0.0,0.0,0.0,161,35.416666666666664,68.5,0.0,30.219888594544265,212.5,2.25,4.5,0.0,1.647508942095828,18.0,16.464285714285715,25.354004603820467,0.8530265881034325,0.7289862575645257
,4,33.5,89.5,110.0,54.0,67.0,0.0,1.5,0.0,5.5,6.0,2.0,1.0,4.0,0.0,26.5,9.93,25.2,7.56,0.0,0.0,0.0,0.0,42.0,15.27,0.0,0.0,0.0,0.0,162,59.0,110.0,0.0,39.373849189531875,354.0,2.5,6.0,0.0,2.3754698783308417,20.0,26.714285714285715,37.96340053551288,0.6672402845201131,0.9464023419644788
,4,60.0,83.0,0.0,39.0,73.0,0.0,1.0,0.0,7.0,5.5,0.0,0.5,6.0,0.0,14.5,5.43,16.5,4.95,0.0,0.0,0.0,0.0,25.25,9.18,0.0,0.0,0.0,0.0,163,42.5,83.0,0.0,36.05967276612476,255.0,2.5,7.0,0.0,3.082207001484488,20.0,19.642857142857142,30.450103303745802,0.8482632972506413,1.2279709169260908
,4,52.0,82.0,104.0,55.0,63.5,0.0,0.0,5.0,8.5,4.5,2.5,4.0,2.5,0.0,16.0,6.0,13.3,3.99,0.0,0.0,0.0,0.0,45.5,16.54,0.0,0.0,0.0,0.0,164,59.416666666666664,104.0,0.0,34.98344846733476,356.5,3.375,8.5,0.0,2.799872446074234,27.0,27.392857142857142,36.10038278692675,0.5886826643594587,0.8271410475847073
,5,3.25,3.25,3.25,3.25,0.0,0.0,2.0,2.0,2.0,2.0,2.0,2.0,0.0,0.0,5.0,5.0,5.0,15.0,5.45,4.09,5.45,15.0,16.39,8.1,6.2,6.2,8.1,45.0,165,2.1666666666666665,3.25,0.0,1.6782927833565473,13.0,1.5,2.0,0.0,0.9258200997725514,12.0,1.7857142857142858,1.2892198850808625,0.7710380321699299,0.6131258938891069
,5,100.0,120.0,100.0,80.0,0.0,0.0,10.0,10.0,16.0,10.0,10.0,10.0,0.0,0.0,20.0,20.0,20.0,0.0,20.0,15.0,20.0,0.0,40.0,20.0,15.0,15.0,20.0,0.0,166,66.66666666666667,120.0,0.0,53.16640543300503,400.0,8.25,16.0,0.0,5.496752287877426,66.0,33.285714285714285,44.759921240441756,0.7973764750238218,0.6654663786776545
,5,0.0,0.0,0.0,0.0,0.0,0.0,0.0,0.0,0.0,0.0,0.0,0.0,0.0,0.0,0.0,0.0,0.0,0.0,0.0,0.0,0.0,0.0,0.0,0.0,0.0,0.0,0.0,0.0,167,0.0,0.0,0.0,0.0,0.0,0.0,0.0,0.0,0.0,0.0,0.0,0.0,0.0,0.0
,5,26.5,98.0,80.0,56.0,0.0,0.0,0.5,0.0,9.0,2.0,6.0,7.0,0.0,0.0,18.0,1.0,10.0,7.25,10.0,2.0,13.5,6.95,38.0,16.0,12.0,2.5,8.5,31.49,168,43.416666666666664,98.0,0.0,41.30909907837094,260.5,3.0625,9.0,0.0,3.6881809298661814,24.5,20.357142857142858,33.06254479213402,0.9512380813257049,1.200384354716414
,5,34.0,0.0,86.0,64.0,0.0,0.0,6.0,0.0,3.0,2.0,0.0,5.0,0.0,0.0,6.0,1.0,14.0,5.25,11.0,2.0,5.0,4.9,15.0,12.0,5.5,2.5,7.0,17.15,169,30.666666666666668,86.0,0.0,37.430825086640375,184.0,2.0,6.0,0.0,2.449489742783178,16.0,14.285714285714286,27.54696289675443,1.2201725009227546,1.2186516133249643
,5,68.5,0.0,87.0,74.0,0.0,0.0,3.5,2.0,5.0,7.0,9.0,9.0,0.0,0.0,7.5,2.0,13.0,5.62,11.0,8.0,17.5,9.95,39.0,17.0,13.5,8.5,8.0,35.2,170,38.25,87.0,0.0,42.32936333090778,229.5,4.4375,9.0,0.0,3.6784847423905402,35.5,18.928571428571427,31.590442288072573,1.106360777075478,0.82709044235875
,5,33.0,98.0,53.0,69.0,0.0,0.0,5.0,3.0,0.0,6.0,5.0,6.0,0.0,0.0,9.0,1.0,15.0,6.25,11.0,1.0,13.5,6.94,34.0,17.0,4.5,3.0,3.5,25.34,171,42.166666666666664,98.0,0.0,38.97392290579262,253.0,3.125,6.0,0.0,2.748376143938713,25.0,19.857142857142858,31.468805415613,0.9240636111386854,0.8766750060410567
,5,35.0,0.0,0.0,39.0,0.0,0.0,1.5,6.0,6.0,6.0,4.0,5.0,0.0,0.0,20.0,2.0,16.0,9.5,17.5,2.0,11.0,8.31,28.0,13.0,12.5,7.0,11.7,29.54,172,12.333333333333334,39.0,0.0,19.148542155126762,74.0,3.5625,6.0,0.0,2.6650850964703867,28.5,7.321428571428571,12.850631745705588,1.5513266666319276,0.7460000270036072
,5,40.5,90.0,76.0,53.0,0.0,0.0,0.5,4.5,6.0,5.0,4.0,3.0,0.0,0.0,5.0,0.0,18.0,5.75,8.5,2.0,11.0,5.86,39.0,12.0,12.5,7.0,5.0,30.93,173,43.25,90.0,0.0,37.68786276773996,259.5,2.875,6.0,0.0,2.401636346922061,23.0,20.178571428571427,31.29426535255371,0.8711942387364762,0.8324562727632795
,5,0.0,87.0,63.0,64.0,0.0,0.0,1.0,5.0,6.0,6.0,6.0,8.0,0.0,0.0,6.5,0.5,13.0,5.0,12.0,3.0,11.5,7.22,32.5,12.0,13.0,4.5,11.5,30.07,174,35.666666666666664,87.0,0.0,40.00333319445602,214.0,4.0,8.0,0.0,3.1622776601683795,32.0,17.571428571428573,29.75467457964647,1.1212744051515282,0.7885979202414912
,5,0.0,93.0,89.0,0.0,0.0,0.0,6.5,6.0,0.0,0.0,6.5,7.0,0.0,0.0,20.0,18.0,18.0,14.0,12.0,8.0,19.0,10.63,38.0,12.0,11.0,4.0,10.0,30.69,175,30.333333333333332,93.0,0.0,47.009218954016525,182.0,3.25,7.0,0.0,3.484660262185848,26.0,14.857142857142858,32.40277087595381,1.54924373131989,1.0689141908545547
,5,41.65,105.0,88.0,60.0,0.0,0.0,9.0,5.0,6.0,3.0,4.0,0.0,0.0,0.0,19.0,1.0,12.0,8.0,19.0,4.5,16.5,10.9,25.0,11.0,11.5,6.5,8.0,25.38,176,49.10833333333333,105.0,0.0,43.895220886409334,294.65,3.375,9.0,0.0,3.2923070504261465,27.0,22.974999999999998,36.03504037205154,0.8936626694664451,0.9726165584715352
,5,89.0,94.0,87.0,73.0,0.0,0.0,6.0,2.0,0.0,1.0,8.0,9.0,0.0,0.0,20.0,2.0,13.0,8.75,15.0,13.0,17.0,12.27,34.0,16.0,14.5,10.0,15.0,36.62,177,57.166666666666664,94.0,0.0,44.82595974060864,343.0,3.25,9.0,0.0,3.8078865529319543,26.0,26.357142857142858,39.33604168983168,0.7839904344535995,1.168063359795078
,5,35.0,0.0,39.0,25.0,0.0,0.0,3.0,2.0,4.0,1.0,4.0,6.5,0.0,0.0,8.0,1.0,12.0,5.25,11.0,2.0,15.5,7.76,35.0,16.0,8.0,2.0,0.5,25.16,178,16.5,39.0,0.0,18.641351882307248,99.0,2.5625,6.5,0.0,2.258910925961573,20.5,8.535714285714286,13.69792837469381,1.1290946021991064,0.8780994853106212
,5,37.5,92.0,78.0,47.0,0.0,0.0,3.5,5.0,7.0,0.0,6.0,8.0,0.0,0.0,19.0,0.0,15.0,8.5,11.0,2.0,17.0,8.17,30.5,13.0,11.0,2.5,6.0,25.78,179,42.416666666666664,92.0,0.0,38.38804067241082,254.5,3.6875,8.0,0.0,3.3267047187441037,29.5,20.285714285714285,31.118084208947778,0.9048092553208081,0.8997173005393114
,5,82.5,110.0,86.0,70.0,0.0,0.0,3.5,6.0,8.0,5.0,7.0,4.0,0.0,0.0,14.0,3.0,13.0,7.5,16.0,6.5,16.5,10.63,32.5,17.0,10.5,2.0,8.0,28.61,180,58.083333333333336,110.0,0.0,46.819244618710655,348.5,4.1875,8.0,0.0,2.9753451180373296,33.5,27.285714285714285,40.17400340332725,0.805931454304177,0.7088374313370649
,5,62.0,111.0,72.0,72.0,0.0,0.0,1.5,2.0,7.0,2.0,7.0,1.0,0.0,0.0,10.0,0.0,10.0,5.0,2.5,1.0,9.0,3.4,29.0,18.0,6.5,0.0,4.2,23.56,181,52.833333333333336,111.0,0.0,44.23761596951927,317.0,2.5625,7.0,0.0,2.8465204322872113,20.5,24.107142857142858,37.72989967744851,0.8371465836659169,1.1065191184789938
,5,55.5,80.0,74.0,53.0,0.0,0.0,5.0,1.0,0.0,5.0,6.0,6.0,0.0,0.0,20.0,2.0,13.0,8.75,20.0,2.0,16.5,10.49,36.0,12.0,12.5,4.0,4.5,28.26,182,43.75,80.0,0.0,35.44255916267898,262.5,2.875,6.0,0.0,2.850438562747845,23.0,20.392857142857142,30.465730161703235,0.8099305110301414,0.9880202990460468
,5,74.5,101.0,86.0,65.0,0.0,0.0,10.0,3.0,12.0,3.0,9.0,7.0,0.0,0.0,7.0,1.0,18.0,6.5,14.0,10.0,18.5,11.58,35.5,12.0,14.0,8.0,12.0,33.36,183,54.416666666666664,101.0,0.0,43.82968932888604,326.5,5.5,12.0,0.0,4.6291004988627575,44.0,26.464285714285715,37.16825790381351,0.8052980645924678,0.8401271322799924
,5,18.5,103.0,71.0,64.0,0.0,0.0,0.5,1.0,7.0,5.0,7.0,8.0,0.0,0.0,16.5,2.0,16.0,8.62,10.5,14.0,12.5,10.09,33.0,19.0,11.0,11.0,9.5,34.16,184,42.75,103.0,0.0,42.715044188201425,256.5,3.5625,8.0,0.0,3.519714882933397,28.5,20.357142857142858,33.36824179425041,0.9989486479934852,0.9852245998413989
,5,27.0,88.0,51.0,66.0,0.0,0.0,0.5,2.0,6.0,2.0,0.0,4.0,0.0,0.0,8.0,1.0,11.0,5.0,2.5,0.5,4.0,1.9,26.5,4.0,2.0,0.0,1.5,13.91,185,38.666666666666664,88.0,0.0,35.94254674708884,232.0,1.8125,6.0,0.0,2.202879608927499,14.5,17.607142857142858,29.286501597564968,0.9293082844201201,1.2087130913182436
,5,0.0,86.0,60.0,55.0,0.0,0.0,7.0,5.0,5.0,1.0,2.0,9.0,0.0,0.0,18.0,3.0,18.0,9.75,16.0,0.0,8.0,6.54,36.0,16.0,15.0,6.0,10.5,34.17,186,33.5,86.0,0.0,38.17721833764215,201.0,3.625,9.0,0.0,3.3779748793788102,29.0,16.428571428571427,28.321544627895744,1.139278374743126,0.9292915761702367
,5,59.0,94.0,77.0,56.0,0.0,0.0,5.5,0.0,9.0,0.0,4.0,6.0,0.0,0.0,20.0,0.5,14.0,8.62,11.0,2.0,19.5,8.85,37.0,13.0,10.5,6.0,8.5,30.69,187,47.666666666666664,94.0,0.0,39.36834599861501,286.0,3.0625,9.0,0.0,3.550025150816339,24.5,22.178571428571427,33.57975989677822,0.8257361252593515,1.1554190889556841
,5,30.5,0.0,45.0,36.0,0.0,0.0,2.0,1.0,6.0,0.0,0.0,1.0,0.0,0.0,20.0,0.0,15.0,8.75,6.0,1.0,19.5,7.22,28.0,11.0,3.5,0.0,0.0,17.38,188,18.583333333333332,45.0,0.0,20.87682127783506,111.5,1.25,6.0,0.0,2.052872551885702,10.0,8.678571428571429,15.784129252630194,1.1228121877645245,1.6292639300680174
,5,27.0,0.0,73.0,60.0,0.0,0.0,4.5,5.0,7.0,2.0,0.0,4.5,0.0,0.0,13.0,0.0,13.0,6.5,1.0,2.0,11.5,3.95,17.5,11.0,4.0,1.5,0.0,13.9,189,26.666666666666668,73.0,0.0,32.83697103367889,160.0,2.875,7.0,0.0,2.7353505912666582,23.0,13.071428571428571,23.83344219857818,1.2309248169565996,0.94812845451184
,5,47.0,0.0,91.0,59.0,0.0,0.0,0.0,3.0,0.0,2.0,0.0,4.5,0.0,0.0,2.5,1.0,12.0,3.87,0.0,2.0,5.5,2.04,13.0,5.0,0.0,0.5,0.5,7.76,190,32.833333333333336,91.0,0.0,38.73714840649304,197.0,1.1875,4.5,0.0,1.771550975033701,9.5,14.75,29.033634341517136,1.1794524025117135,1.4793745094227149
,5,54.0,87.0,46.0,58.0,0.0,0.0,7.0,1.0,8.0,2.0,1.0,0.0,0.0,0.0,10.0,2.0,10.0,5.5,1.5,1.0,14.5,4.63,28.0,15.0,8.5,1.5,0.5,21.89,191,40.833333333333336,87.0,0.0,34.52776660409223,245.0,2.375,8.0,0.0,3.2486260832190936,19.0,18.857142857142858,29.228166454393165,0.845370928036209,1.3621073724189072
,5,41.0,85.0,54.0,62.0,0.0,0.0,4.5,3.0,0.0,4.0,1.0,6.0,0.0,0.0,8.0,0.0,15.0,5.75,12.0,0.5,7.0,5.31,27.0,9.0,3.0,0.0,0.5,16.15,192,40.333333333333336,85.0,0.0,34.366650501127786,242.0,2.3125,6.0,0.0,2.3745300286883837,18.5,18.607142857142858,28.957647170830878,0.8518545113061502,1.0224025957754075
,5,63.5,105.0,75.0,53.0,0.0,0.0,0.5,4.0,6.0,8.0,4.0,7.0,0.0,0.0,18.0,0.0,16.0,8.5,13.5,10.0,14.5,10.36,37.5,18.0,13.5,3.0,5.0,31.51,193,49.416666666666664,105.0,0.0,42.04570925393775,296.5,3.6875,8.0,0.0,3.2175578582876443,29.5,23.285714285714285,35.17140134438024,0.8506685174117431,0.8701982037289099
,5,37.75,102.0,77.0,60.0,0.0,0.0,8.0,0.0,7.0,5.0,8.0,4.5,0.0,0.0,10.0,1.0,15.0,6.5,16.5,7.0,16.0,10.76,39.0,13.0,10.5,9.5,8.5,32.96,194,46.125,102.0,0.0,41.45592539070862,276.75,4.0625,8.0,0.0,3.590040787671201,32.5,22.089285714285715,33.68313991947848,0.8985786364085536,0.8815324217731617
,5,71.0,25.8,75.0,40.0,0.0,0.0,5.0,3.0,8.0,1.0,6.0,9.0,0.0,0.0,16.0,3.5,13.0,8.12,10.5,2.0,12.5,6.81,40.0,18.0,14.0,11.0,15.5,40.3,195,35.300000000000004,75.0,0.0,33.03059188086099,211.8,4.0,9.0,0.0,3.5456210417116734,32.0,17.414285714285715,26.168150257748213,0.9354458193390254,0.884194773494183
,5,12.0,64.0,62.0,55.0,0.0,0.0,0.0,1.0,6.0,0.0,2.0,7.0,0.0,0.0,20.0,0.0,14.0,8.5,15.0,0.0,8.5,6.4,27.0,20.0,11.5,2.0,9.5,28.59,196,32.166666666666664,64.0,0.0,31.307613557514514,193.0,2.0,7.0,0.0,2.878491668515698,16.0,14.928571428571429,24.929020116242913,0.9729912014145193,1.4320854072217404
,5,24.5,71.0,71.0,54.0,0.0,0.0,0.0,0.0,6.0,1.0,1.0,1.0,0.0,0.0,8.0,0.0,13.0,5.25,6.0,2.0,4.5,3.4,18.0,7.0,7.0,1.0,2.5,14.53,197,36.75,71.0,0.0,33.150791845746305,220.5,1.125,6.0,0.0,2.03100960115899,9.0,16.392857142857142,27.561245486139644,0.901816970776559,1.7894357719462468
,5,22.0,0.0,49.0,64.0,0.0,0.0,0.5,0.0,5.0,0.0,7.0,4.5,0.0,0.0,4.5,0.0,10.0,3.62,1.0,1.0,1.0,0.81,20.0,9.0,5.5,0.0,0.0,14.11,198,22.5,64.0,0.0,28.08380316125293,135.0,2.125,7.0,0.0,2.8877821445333636,17.0,10.857142857142858,20.4285137938171,1.2476145340405567,1.352591168399702
,5,69.0,104.0,76.0,69.0,0.0,0.0,6.5,0.0,9.0,3.13,1.0,6.0,0.0,0.0,15.5,1.0,11.0,6.87,8.5,1.0,9.0,5.04,33.0,13.0,9.0,1.0,6.0,25.35,199,53.0,104.0,0.0,43.034869582700026,318.0,3.20375,9.0,0.0,3.54430705498268,25.63,24.544999999999998,37.05468780682868,0.8118254967496704,1.102857115513864
,5,73.5,69.0,71.0,62.0,0.0,0.0,5.5,6.0,6.0,8.0,9.0,6.0,0.0,0.0,14.0,2.0,16.0,8.0,15.0,14.0,7.0,9.82,38.0,11.0,14.0,8.0,5.0,31.15,200,45.916666666666664,73.5,0.0,35.77207942888793,275.5,5.0625,9.0,0.0,3.342769382242386,40.5,22.571428571428573,30.632974404701883,0.7788956182803295,0.6589983996535014
,5,23.5,73.0,52.0,30.0,0.0,0.0,2.5,4.0,7.0,0.0,5.0,3.0,0.0,0.0,20.0,0.5,14.0,8.62,8.0,0.0,9.0,4.63,20.5,0.0,9.5,2.5,2.0,14.17,201,29.75,73.0,0.0,28.895933970024227,178.5,2.6875,7.0,0.0,2.6040833319999575,21.5,14.285714285714286,22.758526961351198,0.9709655231862979,0.9653691684893263
,5,88.0,106.0,71.0,59.0,0.0,0.0,3.5,2.0,8.0,4.0,2.0,1.0,0.0,0.0,20.0,2.0,10.0,8.0,5.0,1.0,14.5,5.58,28.0,9.0,11.0,0.0,9.0,23.31,202,54.0,106.0,0.0,44.73477394600312,324.0,2.5625,8.0,0.0,2.6381473477748414,20.5,24.607142857142858,38.356715674867644,0.8282683567117779,1.0255188912633009
,5,45.5,89.0,65.0,49.0,0.0,0.0,0.5,2.0,0.0,2.0,3.0,6.0,0.0,0.0,20.0,0.5,16.0,9.12,11.0,2.0,11.5,6.67,23.0,16.0,10.5,2.0,5.0,23.1,203,41.416666666666664,89.0,0.0,35.56742423435617,248.5,1.6875,6.0,0.0,2.0863074009907003,13.5,18.714285714285715,30.086231380505584,0.8585635074273296,1.2290470698030636
,5,65.0,108.0,84.0,76.0,0.0,0.0,0.5,5.0,9.0,7.0,9.0,8.0,0.0,0.0,3.0,3.0,12.0,4.5,16.0,10.0,20.0,12.54,37.0,14.0,14.5,8.0,19.0,37.83,204,55.5,108.0,0.0,45.253729128106116,333.0,4.8125,9.0,0.0,4.052666670583351,38.5,26.535714285714285,38.393941972917816,0.8152356175122701,0.8403663391567343
,5,40.0,0.0,45.0,40.0,0.0,0.0,0.5,0.0,7.0,3.5,3.0,1.0,0.0,0.0,5.0,0.0,5.0,2.5,6.0,0.0,7.0,3.54,21.0,0.0,0.0,1.5,0.0,9.23,205,20.833333333333332,45.0,0.0,22.894686428659963,125.0,1.875,7.0,0.0,2.489262656175232,15.0,10.0,17.31273430832834,1.0984177080758017,1.3205637433290356
,5,41.5,103.0,86.0,77.0,0.0,0.0,6.0,0.0,10.0,5.13,4.0,6.5,0.0,0.0,17.5,1.0,18.0,9.12,19.0,12.0,4.5,9.68,35.5,17.0,14.5,13.0,11.0,37.26,206,51.25,103.0,0.0,44.490167453045174,307.5,3.95375,10.0,0.0,3.6938131188709127,31.63,24.22357142857143,36.85927200064568,0.8679314758690047,0.9318986108788175
,5,67.0,107.0,75.0,59.0,0.0,0.0,10.0,3.0,9.0,1.0,8.0,7.0,0.0,0.0,20.0,2.0,15.0,9.25,13.0,3.0,19.0,9.53,34.0,14.0,14.5,0.0,11.0,30.05,207,51.333333333333336,107.0,0.0,42.97285965195552,308.0,4.75,10.0,0.0,4.200340122282616,38.0,24.714285714285715,35.94531866691314,0.8369705833660102,0.8824243954375244
,5,24.0,102.0,69.0,0.0,0.0,0.0,6.5,6.0,3.0,5.0,8.0,7.0,0.0,0.0,19.0,0.0,14.0,8.25,14.0,1.0,14.5,8.03,34.0,13.0,9.5,9.0,7.3,29.8,208,32.5,102.0,0.0,43.36703817417094,195.0,4.4375,8.0,0.0,3.1103226750382578,35.5,16.464285714285715,30.59818011538638,1.3339599561418316,0.6993418043930878
,5,28.5,76.0,80.0,70.0,0.0,0.0,10.0,5.0,12.0,2.0,9.0,6.5,0.0,0.0,19.0,0.0,12.0,7.75,16.0,1.0,17.0,9.26,36.0,0.0,10.0,12.0,13.5,29.32,209,42.416666666666664,80.0,0.0,37.66485983867014,254.5,5.5625,12.0,0.0,4.609287983440145,44.5,21.357142857142858,30.253689267355714,0.8877638239787118,0.827149032470192
,5,72.5,0.0,65.0,51.0,0.0,0.0,1.5,0.0,4.0,0.0,0.0,1.0,0.0,0.0,20.0,3.0,13.0,9.0,14.0,1.0,4.5,5.31,26.5,15.0,8.5,1.0,0.5,21.06,210,31.416666666666668,72.5,0.0,35.10045108921916,188.5,0.8125,4.0,0.0,1.4126343172547218,6.5,13.928571428571429,26.86923973535618,1.1169002255797358,1.717488531616683
,5,61.0,101.0,89.0,62.0,0.0,0.0,0.5,0.0,5.0,1.0,4.0,1.0,0.0,0.0,1.5,0.0,12.0,3.37,10.0,1.0,11.5,6.13,24.0,10.0,7.0,0.0,2.0,17.59,211,52.166666666666664,101.0,0.0,43.263918762251144,313.0,1.4375,5.0,0.0,1.9537052709439788,11.5,23.178571428571427,37.425622209953936,0.8291813472609304,1.349710031740227
,5,38.0,95.0,74.0,67.0,0.0,0.0,3.5,1.0,11.0,0.0,3.0,6.5,0.0,0.0,7.0,0.0,11.0,4.5,10.5,2.0,6.0,5.04,20.5,12.0,8.0,0.0,4.5,18.39,212,45.666666666666664,95.0,0.0,39.80284746932896,274.0,3.125,11.0,0.0,3.9165400182157866,25.0,21.357142857142858,33.089289791427966,0.8714043815805801,1.24929506163183
,5,17.5,93.0,52.0,58.0,0.0,0.0,0.0,2.0,8.0,3.0,6.5,5.0,0.0,0.0,20.0,1.0,12.0,8.25,12.5,3.0,14.5,8.17,22.5,19.0,12.5,4.0,5.5,25.96,213,36.75,93.0,0.0,37.201814471877576,220.5,3.0625,8.0,0.0,3.1445815074732693,24.5,17.5,28.92962282718316,1.012018892053253,1.023460213986418
,5,59.5,76.0,88.0,54.0,0.0,0.0,0.5,4.0,2.0,1.0,1.0,5.0,0.0,0.0,15.0,0.0,13.0,7.0,6.0,2.0,2.5,2.86,15.0,6.0,4.5,2.5,2.5,12.48,214,46.25,88.0,0.0,37.79384870584101,277.5,1.6875,5.0,0.0,1.8696351821373374,13.5,20.785714285714285,32.787025040235214,0.8169876503640512,1.1014051146611707
,5,22.0,0.0,50.0,44.0,0.0,0.0,0.5,0.0,7.0,0.0,6.5,3.0,0.0,0.0,16.0,0.0,15.0,7.75,4.5,1.0,10.5,4.36,21.0,10.0,9.5,1.0,4.5,18.82,215,19.333333333333332,50.0,0.0,23.140152693244413,116.0,2.125,7.0,0.0,3.0325613879076827,17.0,9.5,17.0,1.1962856811947826,1.4204034603783058
,5,99.0,114.0,97.0,80.0,0.0,0.0,10.0,10.0,13.0,9.1,10.0,10.0,0.0,0.0,20.0,18.0,17.0,13.75,20.0,15.0,20.0,15.0,39.0,20.0,15.0,8.0,19.0,41.29,216,65.0,114.0,0.0,51.48980481609927,390.0,7.7625,13.0,0.0,4.924555817533191,62.1,32.292857142857144,43.55209902714597,0.792028992710341,0.6335871106507804
,5,70.0,86.0,52.0,34.0,0.0,0.0,0.5,0.0,11.0,3.0,8.5,1.0,0.0,0.0,15.0,1.0,20.0,9.0,13.0,5.0,14.5,8.86,29.5,19.0,9.5,3.0,4.8,26.9,217,40.333333333333336,86.0,0.0,35.76404153149734,242.0,3.0,11.0,0.0,4.334248987508019,24.0,19.0,29.48989396647343,0.886491982107676,1.4399498297368836
,5,37.0,0.0,88.0,67.0,0.0,0.0,1.5,0.0,0.0,4.0,5.0,6.0,0.0,0.0,19.0,2.0,15.0,9.0,16.0,4.0,13.0,8.99,35.0,14.0,11.0,6.5,8.0,30.49,218,32.0,88.0,0.0,38.621237680840835,192.0,2.0625,6.0,0.0,2.5416178761905632,16.5,14.892857142857142,28.522716028988718,1.2065366348278925,1.2263536193923106
,6,3.25,3.25,3.25,3.25,0.0,0.0,2.0,2.0,2.0,2.0,2.0,2.0,0.0,0.0,5.0,5.0,5.0,15.0,5.45,4.09,5.45,15.0,16.39,8.1,6.2,6.2,8.1,45.0,219,2.1666666666666665,3.25,0.0,1.6782927833565473,13.0,1.5,2.0,0.0,0.9258200997725514,12.0,1.7857142857142858,1.2892198850808625,0.7710380321699299,0.6131258938891069
,6,100.0,120.0,100.0,80.0,0.0,0.0,10.0,10.0,8.0,10.0,10.0,10.0,0.0,0.0,20.0,20.0,20.0,0.0,20.0,15.0,20.0,0.0,40.0,20.0,15.0,15.0,20.0,0.0,220,66.66666666666667,120.0,0.0,53.16640543300503,400.0,7.25,10.0,0.0,4.527692569068709,58.0,32.714285714285715,45.04771584993742,0.7973764750238218,0.6236491141967918
,6,0.0,0.0,0.0,0.0,0.0,0.0,0.0,0.0,0.0,0.0,0.0,0.0,0.0,0.0,0.0,0.0,0.0,0.0,0.0,0.0,0.0,0.0,0.0,0.0,0.0,0.0,0.0,0.0,221,0.0,0.0,0.0,0.0,0.0,0.0,0.0,0.0,0.0,0.0,0.0,0.0,0.0,0.0
,6,33.5,88.0,89.0,73.0,0.0,0.0,0.0,0.0,2.5,5.0,0.5,7.0,0.0,0.0,9.0,0.0,13.0,5.5,15.0,4.0,9.0,7.63,36.0,9.0,10.0,3.25,3.0,25.09,222,47.25,89.0,0.0,41.763321228082425,283.5,1.875,7.0,0.0,2.7353505912666582,15.0,21.321428571428573,34.89798712668835,0.8836927894219726,1.4511143720247524
,6,58.0,0.0,47.0,0.0,0.0,0.0,6.5,0.0,3.0,5.0,0.0,3.0,0.0,0.0,11.0,1.0,15.0,6.75,19.0,1.0,6.0,7.08,37.0,5.0,11.5,1.0,2.5,23.37,223,17.5,58.0,0.0,27.33313008054511,105.0,2.1875,6.5,0.0,2.5903323008006964,17.5,8.75,18.78291981889602,1.5610011468044036,1.178763276814879
,6,45.0,91.0,43.0,0.0,0.0,0.0,2.0,5.0,3.5,0.0,1.5,5.0,0.0,0.0,20.0,1.0,1.0,5.5,20.0,0.0,9.0,7.9,38.0,7.0,2.0,3.0,2.0,21.29,224,29.833333333333332,91.0,0.0,36.91837844037393,179.0,2.125,5.0,0.0,2.1505813167606567,17.0,14.0,27.00356101873062,1.2370728841854326,1.00729804063731
,6,0.0,42.0,40.0,0.0,0.0,0.0,4.5,0.0,4.0,5.0,0.0,0.0,0.0,0.0,6.0,0.0,14.0,5.0,15.0,0.0,2.0,4.63,15.0,11.0,5.0,3.5,2.0,14.92,225,13.666666666666666,42.0,0.0,21.18175315375634,82.0,1.6875,5.0,0.0,2.344255897782005,13.5,6.821428571428571,14.607173083608805,1.548751144559323,1.3810049471469839
,6,31.0,91.0,69.0,0.0,0.0,0.0,3.5,0.0,4.5,4.0,2.0,1.0,0.0,0.0,5.0,0.5,12.0,4.37,6.0,3.5,14.5,6.54,30.0,5.0,7.5,0.5,1.5,18.23,226,31.833333333333332,91.0,0.0,39.80661586554008,191.0,1.875,4.5,0.0,1.9039432764659772,15.0,14.714285714285714,29.122231981844994,1.250076914023032,1.0100494835363274
,6,0.0,75.0,79.0,0.0,0.0,0.0,5.0,0.0,4.0,6.0,0.0,8.5,0.0,0.0,17.0,1.0,20.0,9.5,3.0,1.0,14.5,5.04,25.0,16.0,5.5,4.0,5.5,22.88,227,25.666666666666668,79.0,0.0,39.782743327561846,154.0,2.9375,8.5,0.0,3.385235801029439,23.5,12.678571428571429,27.40691037427853,1.549373360803395,1.1485108739709717
,6,56.5,65.0,87.0,70.0,0.0,0.0,5.0,4.0,3.5,6.0,3.0,4.0,0.0,0.0,16.0,0.0,14.0,7.5,17.0,1.0,6.5,6.67,14.0,9.0,6.0,1.0,9.5,16.12,228,46.416666666666664,87.0,0.0,37.30739426262127,278.5,3.1875,6.0,0.0,2.17021230034562,25.5,21.714285714285715,32.10482487446054,0.8035768436808144,0.6787215951041815
,6,38.0,60.0,51.0,0.0,0.0,0.0,1.5,0.0,2.5,0.0,0.0,8.0,0.0,0.0,6.5,1.0,7.0,3.62,8.0,1.0,7.0,4.36,19.5,3.0,0.0,0.0,0.0,9.21,229,24.833333333333332,60.0,0.0,28.088550455063835,149.0,1.5,8.0,0.0,2.7902892835178013,12.0,11.5,21.242193136085767,1.1306272825062593,1.847873697693908
,6,34.5,79.0,56.0,68.0,0.0,0.0,3.5,5.0,1.0,0.0,0.0,2.0,0.0,0.0,9.0,0.0,10.0,4.75,1.0,2.0,14.0,4.63,31.0,17.0,6.0,2.5,5.0,25.13,230,39.583333333333336,79.0,0.0,34.030011264568614,237.5,1.4375,5.0,0.0,1.916796061884817,11.5,17.785714285714285,28.829548334007203,0.8594884138213996,1.3242114417166266
,6,72.0,0.0,85.0,78.0,0.0,0.0,6.0,3.0,2.5,0.0,6.0,2.0,0.0,0.0,20.0,14.0,15.0,12.25,16.0,7.0,19.5,11.58,38.0,15.0,11.5,8.75,7.5,33.06,231,39.166666666666664,85.0,0.0,43.10181744041273,235.0,2.4375,6.0,0.0,2.4991069833613997,19.5,18.178571428571427,32.76701386764131,1.100191034810161,1.0210855907503167
,6,34.0,86.0,54.0,50.0,0.0,0.0,4.0,0.0,3.0,5.0,0.0,1.0,0.0,0.0,13.0,1.0,12.0,6.5,13.0,1.0,11.5,6.94,32.0,11.0,12.5,3.5,7.0,27.02,232,37.333333333333336,86.0,0.0,33.48233365025005,224.0,1.625,5.0,0.0,2.065879266282796,13.0,16.928571428571427,27.74461634738776,0.8966080599013669,1.263534719439019
,6,48.0,99.0,55.0,48.0,0.0,0.0,5.0,6.0,4.5,7.0,0.0,2.0,0.0,0.0,17.0,0.5,19.0,9.12,6.0,4.0,11.5,5.86,30.0,10.0,13.5,0.0,6.5,24.56,233,41.666666666666664,99.0,0.0,37.46287050756611,250.0,3.0625,7.0,0.0,2.9085772172269087,24.5,19.607142857142858,30.616849666751857,0.898893157823709,0.9466484026775944
,6,54.0,88.0,27.0,67.0,0.0,0.0,4.0,4.0,6.5,0.0,3.0,2.0,0.0,0.0,12.0,0.5,9.0,5.37,7.0,1.0,0.5,2.31,24.0,2.0,0.5,0.0,0.0,10.85,234,39.333333333333336,88.0,0.0,36.31895740060096,236.0,2.4375,6.5,0.0,2.382038442774831,19.5,18.25,29.485817973026652,0.9231286300245943,0.9732537049131078
,6,63.0,79.0,78.0,45.0,0.0,0.0,7.0,3.0,4.5,7.0,1.5,0.0,0.0,0.0,20.0,1.5,8.0,7.37,13.0,9.0,15.0,10.09,33.0,12.0,13.5,13.0,8.5,32.78,235,44.166666666666664,79.0,0.0,36.372608741560825,265.0,2.875,7.0,0.0,3.0089153242607924,23.0,20.571428571428573,31.038349197067827,0.82334434637201,1.0429515855323372
,6,81.5,105.0,81.0,78.0,0.0,0.0,5.5,0.0,6.5,7.0,6.0,5.0,0.0,0.0,14.0,2.0,14.0,7.5,19.0,5.0,19.5,11.85,39.0,20.0,14.5,5.0,16.2,38.71,236,57.583333333333336,105.0,0.0,45.64473317554465,345.5,3.75,7.0,0.0,3.1622776601683795,30.0,26.821428571428573,39.63613694153798,0.7925350128871047,0.8410312925979734
,6,82.5,79.0,76.0,58.0,0.0,0.0,10.0,6.0,4.5,9.5,3.0,5.0,0.0,0.0,20.0,0.5,13.0,8.37,19.0,3.5,20.0,11.58,38.0,13.0,15.0,6.0,16.0,36.0,237,49.25,82.5,0.0,39.07396831651477,295.5,4.75,10.0,0.0,3.779644730092272,38.0,23.821428571428573,33.42420078030585,0.793219007643418,0.7940430105235866
,6,52.5,95.0,75.0,0.0,0.0,0.0,6.0,2.0,3.5,3.0,0.5,0.0,0.0,0.0,3.0,0.0,13.0,4.0,15.0,2.0,13.0,8.17,31.0,9.0,10.0,1.0,4.0,22.52,238,37.083333333333336,95.0,0.0,42.79067265966576,222.5,1.875,6.0,0.0,2.1835423382332535,15.0,16.964285714285715,32.15196147008183,1.1535946978702127,1.158377898266978
,6,49.0,97.0,88.0,73.0,0.0,0.0,3.5,5.0,4.5,6.0,3.0,5.0,0.0,0.0,16.0,0.0,8.0,6.0,13.0,1.0,13.5,7.49,37.0,7.0,7.5,2.5,4.5,23.96,239,51.166666666666664,97.0,0.0,42.83651090677982,307.0,3.375,6.0,0.0,2.2795676281761352,27.0,23.857142857142858,36.206899348598746,0.8370320635728488,0.6734320910416943
,6,44.5,78.0,0.0,47.0,0.0,0.0,5.5,0.0,3.5,0.0,0.0,0.0,0.0,0.0,20.0,1.0,6.0,6.75,0.0,3.0,14.0,4.63,22.0,10.0,10.0,0.0,4.0,18.82,240,28.25,78.0,0.0,33.12061291703401,169.5,1.125,5.5,0.0,2.1505813167606567,9.0,12.75,24.86869363430502,1.171996210793843,1.8947853011107108
,6,33.5,77.0,42.0,0.0,0.0,0.0,0.0,0.0,2.5,2.0,1.0,3.0,0.0,0.0,9.0,0.0,10.0,4.75,8.0,0.0,9.0,4.63,17.0,8.0,9.0,2.25,1.5,15.46,241,25.416666666666668,77.0,0.0,31.429948562902016,152.5,1.0625,3.0,0.0,1.2659694196261502,8.5,11.5,23.178239131365636,1.2361018050433408,1.1803910672504896
,6,56.0,79.0,96.0,73.0,0.0,0.0,7.5,0.0,6.5,8.0,7.5,0.0,0.0,0.0,19.0,1.0,14.0,8.5,19.0,14.0,19.5,14.31,39.0,15.0,15.0,4.0,16.0,36.39,242,50.666666666666664,96.0,0.0,41.27791984422988,304.0,3.6875,8.0,0.0,3.9635617099486957,29.5,23.821428571428573,35.29687671019216,0.8145350229079106,1.0719571899793634
,6,81.5,88.0,62.0,0.0,0.0,0.0,3.0,1.0,3.5,2.0,0.0,6.5,0.0,0.0,13.0,0.0,11.0,6.0,5.0,3.5,8.5,4.63,20.0,5.0,8.5,0.5,4.5,15.76,243,38.583333333333336,88.0,0.0,43.123562777983295,231.5,2.0,6.5,0.0,2.2834810518779687,16.0,17.678571428571427,32.72649311564488,1.1173837306438925,1.1360602248149099
,6,46.0,77.0,49.0,0.0,0.0,0.0,5.0,2.0,2.5,5.0,0.5,6.0,0.0,0.0,3.0,1.0,12.0,4.0,4.0,0.0,9.0,3.54,21.0,13.0,9.0,6.0,7.0,22.91,244,28.666666666666668,77.0,0.0,33.21244746577202,172.0,2.625,6.0,0.0,2.4311960607310725,21.0,13.785714285714286,24.623092886489772,1.1581697361073586,0.9226550515108436
,6,37.0,0.0,91.0,72.0,0.0,0.0,0.0,0.0,2.5,6.0,3.0,3.0,0.0,0.0,11.0,0.0,15.0,6.5,12.0,3.0,14.5,8.04,33.0,11.0,9.0,3.0,11.0,27.4,245,33.333333333333336,91.0,0.0,40.41616838180813,200.0,1.8125,6.0,0.0,2.202879608927499,14.5,15.321428571428571,29.881565672383484,1.2121214150297348,1.2087130913182436
,6,48.0,84.0,67.0,51.0,0.0,0.0,6.5,0.0,4.0,0.0,0.0,3.0,0.0,0.0,16.0,0.0,11.0,6.75,12.0,1.0,4.5,4.76,34.0,7.0,11.0,6.0,3.5,25.21,246,41.666666666666664,84.0,0.0,34.737107920301405,250.0,1.6875,6.5,0.0,2.520452056958944,13.5,18.821428571428573,29.817139587606544,0.8334905523546687,1.4848023899610863
,6,16.0,75.0,77.0,69.0,0.0,0.0,0.0,0.0,3.5,5.0,0.5,1.0,0.0,0.0,8.0,0.0,14.0,5.5,2.0,2.0,6.0,2.72,19.0,3.0,3.0,0.0,0.5,10.44,247,39.5,77.0,0.0,37.97235836763369,237.0,1.25,5.0,0.0,1.927248223318863,10.0,17.642857142857142,30.699178497796332,0.9610822163410198,1.5295620819990976
,6,79.5,71.0,75.0,71.0,0.0,0.0,7.0,0.0,3.5,5.0,5.0,9.0,0.0,0.0,20.0,2.0,11.0,8.25,14.0,1.0,17.0,8.72,37.0,10.0,13.5,15.0,10.0,35.04,248,49.416666666666664,79.5,0.0,38.40627118930796,296.5,3.6875,9.0,0.0,3.453130050093269,29.5,23.285714285714285,33.54486908244303,0.777035430050741,0.9339094117899308
,6,61.5,0.0,85.0,68.0,0.0,0.0,5.0,1.0,4.5,3.0,3.5,4.0,0.0,0.0,17.5,1.0,13.0,7.87,12.0,8.5,17.0,10.22,36.0,18.0,13.5,9.0,8.3,34.71,249,35.75,85.0,0.0,39.907079572426746,214.5,2.625,5.0,0.0,2.0133483127793435,21.0,16.821428571428573,30.068260254382444,1.1159697867009717,0.7640790560832423
,6,26.5,0.0,0.0,37.0,0.0,0.0,0.0,0.0,2.5,2.0,0.5,4.0,0.0,0.0,5.0,0.0,10.0,3.75,5.0,2.5,14.5,5.99,24.0,8.0,2.0,0.0,2.0,14.71,250,10.583333333333334,37.0,0.0,16.72846874841408,63.5,1.125,4.0,0.0,1.529472364668847,9.0,5.178571428571429,11.51020808282327,1.579150605577163,1.3475527442016273
,6,60.5,0.0,93.0,56.0,0.0,0.0,5.5,7.0,2.0,3.0,4.0,3.0,0.0,0.0,20.0,1.0,14.0,8.75,12.0,8.0,12.0,8.72,36.0,5.0,15.0,8.5,10.0,30.54,251,34.916666666666664,93.0,0.0,40.324206956450695,209.5,3.0625,7.0,0.0,2.4558603380485624,24.5,16.714285714285715,29.93757240923589,1.154539233339875,0.7993036088034378
,6,32.0,69.0,68.0,67.0,0.0,0.0,5.0,0.0,2.5,0.0,0.0,0.0,0.0,0.0,5.0,0.0,0.0,1.25,3.0,3.0,3.0,2.45,29.0,10.0,4.0,1.5,2.5,19.22,252,39.333333333333336,69.0,0.0,33.51218683802456,236.0,0.9375,5.0,0.0,1.8600595228571124,7.5,17.392857142857142,28.681392099186063,0.8517881937988112,1.9631235069732056
,6,37.0,101.0,81.0,71.0,0.0,0.0,7.0,6.0,4.5,8.0,7.5,1.0,0.0,0.0,20.0,12.0,12.0,11.0,17.0,9.5,20.0,12.67,39.0,16.0,13.0,13.0,15.0,39.29,253,48.333333333333336,101.0,0.0,42.790964778404636,290.0,4.25,8.0,0.0,3.4226138716316967,34.0,23.142857142857142,34.972752345124434,0.8851471718624692,0.8034304862985204
,6,46.0,67.0,80.0,71.0,0.0,0.0,0.0,0.0,5.0,0.0,0.0,2.0,0.0,0.0,12.0,1.0,13.0,6.5,15.0,1.0,16.0,8.72,27.0,19.0,11.0,6.5,10.0,30.04,254,44.0,80.0,0.0,35.86084215408221,264.0,0.875,5.0,0.0,1.807721533549109,7.0,19.357142857142858,31.41436991828162,0.8148339503313387,2.0426232017504056
,6,40.0,0.0,55.0,62.0,0.0,0.0,5.0,6.0,2.0,5.0,0.0,8.0,0.0,0.0,16.0,1.0,12.0,7.25,16.0,0.0,10.5,7.22,30.0,12.0,7.5,1.5,3.0,22.09,255,26.166666666666668,62.0,0.0,29.532468008391486,157.0,3.25,8.0,0.0,3.1509635714446826,26.0,13.071428571428571,21.89297142468783,1.1281981920944155,0.9665532427744425
,6,52.5,86.0,41.0,28.0,0.0,0.0,5.0,1.0,3.0,0.0,0.0,0.0,0.0,0.0,19.0,2.0,16.0,9.25,8.0,2.0,8.0,4.9,19.0,10.0,0.0,1.25,0.0,12.35,256,34.583333333333336,86.0,0.0,32.98850810004397,207.5,1.125,5.0,0.0,1.8850918886280925,9.0,15.464285714285714,26.752759947997234,0.9536088292554626,1.6608739106855441
,6,50.0,95.0,82.0,73.0,0.0,0.0,0.0,0.0,4.5,0.0,0.0,0.0,0.0,0.0,7.0,0.0,12.0,4.75,10.0,0.0,5.0,4.08,19.0,6.0,2.0,1.0,2.5,12.47,257,50.0,95.0,0.0,41.419802027532675,300.0,0.5625,4.5,0.0,1.590990257669732,4.5,21.75,36.13582816157777,0.8282303944717592,2.7790222841392698
,6,61.5,96.0,93.0,74.0,0.0,0.0,4.5,0.0,5.0,7.0,1.5,1.0,0.0,0.0,14.0,3.0,14.0,7.75,5.0,9.5,7.5,6.0,38.0,14.0,10.0,11.5,7.0,32.97,258,54.083333333333336,96.0,0.0,43.756618546988605,324.5,2.375,7.0,0.0,2.7353505912666582,19.0,24.535714285714285,38.020978159692056,0.8089096354508616,1.1468975225436724
,6,61.0,70.0,30.0,59.0,0.0,0.0,5.5,0.0,4.0,5.0,2.0,1.5,0.0,0.0,14.0,0.0,13.0,6.75,16.0,0.0,14.5,8.31,20.5,8.0,8.0,1.5,3.0,16.78,259,36.666666666666664,70.0,0.0,31.417617138584315,220.0,2.25,5.5,0.0,2.29906813420444,18.0,17.0,26.36066416812398,0.8566104827388253,1.0172867850462126
,6,55.0,98.0,45.0,66.0,0.0,0.0,5.0,0.0,3.5,8.0,0.5,5.0,0.0,0.0,14.0,2.0,15.0,7.75,16.0,4.5,20.0,11.04,32.0,14.0,8.5,9.0,5.0,28.04,260,44.0,98.0,0.0,38.455168703309575,264.0,2.75,8.0,0.0,3.070597894314954,22.0,20.428571428571427,31.97827215641724,0.8737825199570456,1.1125354689546936
,6,55.0,93.0,66.0,0.0,0.0,0.0,8.0,2.0,3.5,4.0,1.5,3.0,0.0,0.0,12.0,1.0,18.0,7.75,14.0,1.0,19.5,9.4,36.0,20.0,12.0,2.5,6.5,31.48,261,35.666666666666664,93.0,0.0,40.98129654692085,214.0,2.75,8.0,0.0,2.591193878173865,22.0,16.857142857142858,30.583070085002515,1.1486862528334352,0.9388383616571975
,6,37.5,0.0,52.0,57.0,0.0,0.0,0.0,0.0,1.5,0.0,0.0,1.5,0.0,0.0,10.0,0.0,8.0,4.5,7.0,0.0,2.0,2.45,10.0,1.0,2.5,1.25,0.0,6.05,262,24.416666666666668,57.0,0.0,27.503484627709753,146.5,0.375,1.5,0.0,0.6943650748294136,3.0,10.678571428571429,21.06273335214915,1.1259614339946677,1.8035456489075676
,6,64.5,79.0,69.0,68.0,0.0,0.0,10.0,0.0,4.0,0.0,2.0,7.0,0.0,0.0,18.0,0.5,12.0,7.62,11.0,1.0,18.0,8.17,37.0,9.0,7.5,2.0,5.0,24.76,263,46.75,79.0,0.0,36.5318354315794,280.5,2.875,10.0,0.0,3.833592123769634,23.0,21.678571428571427,32.07659531547834,0.7812625199225707,1.328801429382889
,6,0.0,87.0,65.0,0.0,0.0,0.0,5.0,0.0,3.5,5.0,0.5,4.5,0.0,0.0,7.0,1.0,14.0,5.5,8.0,0.5,4.0,3.4,18.5,15.0,9.0,2.0,3.5,19.62,264,25.333333333333332,87.0,0.0,39.85808157283371,152.0,2.3125,5.0,0.0,2.3895232638690564,18.5,12.178571428571429,27.456684167876226,1.5727245129356981,1.0288582406325324
,6,43.0,72.0,0.0,57.0,0.0,0.0,0.0,0.0,3.0,4.5,0.0,0.0,0.0,0.0,11.0,1.0,10.0,5.5,4.0,2.0,9.5,4.22,27.0,10.0,7.5,2.5,4.0,20.87,265,28.666666666666668,72.0,0.0,32.714930332596865,172.0,0.9375,4.5,0.0,1.781602408748131,7.5,12.821428571428571,24.822142056312067,1.1408205393210575,1.8803191649056792
,6,39.5,0.0,0.0,0.0,0.0,0.0,0.0,0.0,4.0,0.0,0.0,0.0,0.0,0.0,4.0,0.0,14.0,4.5,0.0,0.0,0.0,0.0,8.5,9.0,0.0,0.0,0.0,7.13,266,6.583333333333333,39.5,0.0,16.12580747332259,39.5,0.5,4.0,0.0,1.4142135623730951,4.0,3.107142857142857,10.528676174050663,2.44577464206106,2.7729677693590102
,6,72.5,90.0,82.0,72.0,0.0,0.0,10.0,6.0,1.5,8.0,2.5,5.0,0.0,0.0,9.0,4.0,16.0,7.25,14.0,10.0,14.5,10.49,37.0,11.0,12.5,6.0,7.5,30.3,267,52.75,90.0,0.0,41.397765640188844,316.5,4.125,10.0,0.0,3.729706997300765,33.0,24.964285714285715,35.91949560942031,0.784643018199182,0.9019847635552032
,6,0.0,0.0,0.0,0.0,0.0,0.0,5.0,0.0,1.5,0.0,0.0,0.0,0.0,0.0,16.0,0.5,13.0,7.37,7.0,0.0,3.0,2.72,15.5,9.0,0.0,1.0,0.0,10.41,268,0.0,0.0,0.0,0.0,0.0,0.8125,5.0,0.0,1.771550975033701,6.5,0.4642857142857143,1.3652878777060131,0.0,2.153861367822129
,6,70.5,92.0,73.0,61.0,0.0,0.0,1.5,7.0,3.0,0.0,1.0,4.0,0.0,0.0,18.0,2.0,13.0,8.25,17.0,2.0,7.0,7.08,35.0,7.0,14.0,5.0,8.0,28.27,269,49.416666666666664,92.0,0.0,39.57829792533614,296.5,2.0625,7.0,0.0,2.4847750688658206,16.5,22.357142857142858,34.60070506808771,0.8007478673860833,1.1989264505987072
,6,41.5,0.0,88.0,72.0,0.0,0.0,6.0,2.0,3.0,0.0,0.0,3.0,0.0,0.0,19.5,2.0,13.0,8.62,12.0,3.0,5.5,5.58,36.0,5.0,9.5,4.5,1.5,23.17,270,33.583333333333336,88.0,0.0,39.70694733502774,201.5,1.75,6.0,0.0,2.187627547301936,14.0,15.392857142857142,29.601311412885707,1.181988906579512,1.2429701973306455
,6,32.0,96.0,77.0,66.0,0.0,0.0,0.0,0.0,3.5,6.0,2.5,0.0,0.0,0.0,17.0,0.5,11.0,7.12,13.0,1.0,16.0,8.17,33.0,6.0,13.5,2.0,4.5,24.18,271,45.166666666666664,96.0,0.0,40.705855434650516,271.0,1.5,6.0,0.0,2.2834810518779687,12.0,20.214285714285715,33.80812048885609,0.9010371600675242,1.5122391072039527
,6,43.5,0.0,75.0,71.0,0.0,0.0,0.0,2.0,1.5,2.0,0.5,4.0,0.0,0.0,14.0,2.0,10.0,6.5,12.0,1.5,15.0,7.76,26.5,8.0,8.0,7.5,7.5,23.54,272,31.583333333333332,75.0,0.0,36.25798762571727,189.5,1.25,4.0,0.0,1.4142135623730951,10.0,14.25,27.374714610384526,1.1476467912761321,1.122391716169123
